Country ,year,"CPIA transparency, accountability, and corruption in the public sector rating (1=low to 6=high)",,,,,,,,,,,,,,,,,,,,,,,,
Algeria,2000,NA,,,,,,,,,,,,,,,,2,2,2.5,3,NA,NA,NA,NA,NA
Algeria,2001,NA,,,,,,,,,,,,,,,,,,,,,,,,
Algeria,2002,NA,,,,,,,,,,,,,,,,,,,,,,,,
Algeria,2003,NA,,,,,,,,,,,,,,,,,,,,,,,,
Algeria,2004,NA,,,,,,,,,,,,,,,,,,,,,,,,
Algeria,2005,NA,,,,,,,,,,,,,,,,,,,,,,,,
Algeria,2006,NA,,,,,,,,,,,,,,,,,,,,,,,,
Algeria,2007,NA,,,,,,,,,,,,,,,,,,,,,,,,
Algeria,2008,NA,,,,,,,,,,,,,,,,,,,,,,,,
Algeria,2009,NA,,,,,,,,,,,,,,,,,,,,,,,,
Algeria,2010,NA,,,,,,,,,,,,,,,,,,,,,,,,
Algeria,2011,NA,,,,,,,,,,,,,,,,,,,,,,,,
Algeria,2012,NA,,,,,,,,,,,,,,,,,,,,,,,,
Algeria,2013,NA,,,,,,,,,,,,,,,,,,,,,,,,
Algeria,2014,NA,,,,,,,,,,,,,,,,,,,,,,,,
Algeria,2015,NA,,,,,,,,,,,,,,,,,,,,,,,,
Algeria,2016,NA,,,,,,,,,,,,,,,,,,,,,,,,
Algeria,2017,NA,,,,,,,,,,,,,,,,,,,,,,,,
Algeria,2018,NA,,,,,,,,,,,,,,,,,,,,,,,,
Algeria,2019,NA,,,,,,,,,,,,,,,,,,,,,,,,
Algeria,2020,NA,,,,,,,,,,,,,,,,,,,,,,,,
Algeria,2021,NA,,,,,,,,,,,,,,,,,,,,,,,,
Algeria,2022,NA,,,,,,,,,,,,,,,,,,,,,,,,
Angola,2000,NA,,,,,,,,,,,,,,,,,,,,,,,,
Angola,2001,NA,,,,,,,,,,,,,,,,,,,,,,,,
Angola,2002,NA,,,,,,,,,,,,,,,,,,,,,,,,
Angola,2003,NA,,,,,,,,,,,,,,,,,,,,,,,,
Angola,2004,NA,,,,,,,,,,,,,,,,,,,,,,,,
Angola,2005,NA,,,,,,,,,,,,,,,,,,,,,,,,
Angola,2006,NA,,,,,,,,,,,,,,,,,,,,,,,,
Angola,2007,NA,,,,,,,,,,,,,,,,,,,,,,,,
Angola,2008,NA,,,,,,,,,,,,,,,,,,,,,,,,
Angola,2009,2.5,,,,,,,,,,,,,,,,,,,,,,,,
Angola,2010,2.5,,,,,,,,,,,,,,,,,,,,,,,,
Angola,2011,2.5,,,,,,,,,,,,,,,,,,,,,,,,
Angola,2012,2.5,,,,,,,,,,,,,,,,,,,,,,,,
Angola,2013,2.5,,,,,,,,,,,,,,,,,,,,,,,,
Angola,2014,2.5,,,,,,,,,,,,,,,,,,,,,,,,
Angola,2015,2.5,,,,,,,,,,,,,,,,,,,,,,,,
Angola,2016,2.5,,,,,,,,,,,,,,,,,,,,,,,,
Angola,2017,2.5,,,,,,,,,,,,,,,,,,,,,,,,
Angola,2018,NA,,,,,,,,,,,,,,,,,,,,,,,,
Angola,2019,NA,,,,,,,,,,,,,,,,,,,,,,,,
Angola,2020,NA,,,,,,,,,,,,,,,,,,,,,,,,
Angola,2021,NA,,,,,,,,,,,,,,,,,,,,,,,,
Angola,2022,NA,,,,,,,,,,,,,,,,,,,,,,,,
Benin,2000,NA,,,,,,,,,,,,,,,,,,,,,,,,
Benin,2001,NA,,,,,,,,,,,,,,,,,,,,,,,,
Benin,2002,NA,,,,,,,,,,,,,,,,,,,,,,,,
Benin,2003,NA,,,,,,,,,,,,,,,,,,,,,,,,
Benin,2004,NA,,,,,,,,,,,,,,,,,,,,,,,,
Benin,2005,3.5,,,,,,,,,,,,,,,,,,,,,,,,
Benin,2006,3.5,,,,,,,,,,,,,,,,,,,,,,,,
Benin,2007,3.5,,,,,,,,,,,,,,,,,,,,,,,,
Benin,2008,3.5,,,,,,,,,,,,,,,,,,,,,,,,
Benin,2009,3.5,,,,,,,,,,,,,,,,,,,,,,,,
Benin,2010,3.5,,,,,,,,,,,,,,,,,,,,,,,,
Benin,2011,3.5,,,,,,,,,,,,,,,,,,,,,,,,
Benin,2012,3.5,,,,,,,,,,,,,,,,,,,,,,,,
Benin,2013,3.5,,,,,,,,,,,,,,,,,,,,,,,,
Benin,2014,3.5,,,,,,,,,,,,,,,,,,,,,,,,
Benin,2015,3.5,,,,,,,,,,,,,,,,,,,,,,,,
Benin,2016,3.5,,,,,,,,,,,,,,,,,,,,,,,,
Benin,2017,3.5,,,,,,,,,,,,,,,,,,,,,,,,
Benin,2018,3.5,,,,,,,,,,,,,,,,,,,,,,,,
Benin,2019,3.5,,,,,,,,,,,,,,,,,,,,,,,,
Benin,2020,3.5,,,,,,,,,,,,,,,,,,,,,,,,
Benin,2021,3.5,,,,,,,,,,,,,,,,,,,,,,,,
Benin,2022,3.5,,,,,,,,,,,,,,,,,,,,,,,,
Botswana,2000,NA,,,,,,,,,,,,,,,,,,,,,,,,
Botswana,2001,NA,,,,,,,,,,,,,,,,,,,,,,,,
Botswana,2002,NA,,,,,,,,,,,,,,,,,,,,,,,,
Botswana,2003,NA,,,,,,,,,,,,,,,,,,,,,,,,
Botswana,2004,NA,,,,,,,,,,,,,,,,,,,,,,,,
Botswana,2005,NA,,,,,,,,,,,,,,,,,,,,,,,,
Botswana,2006,NA,,,,,,,,,,,,,,,,,,,,,,,,
Botswana,2007,NA,,,,,,,,,,,,,,,,,,,,,,,,
Botswana,2008,NA,,,,,,,,,,,,,,,,,,,,,,,,
Botswana,2009,NA,,,,,,,,,,,,,,,,,,,,,,,,
Botswana,2010,NA,,,,,,,,,,,,,,,,,,,,,,,,
Botswana,2011,NA,,,,,,,,,,,,,,,,,,,,,,,,
Botswana,2012,NA,,,,,,,,,,,,,,,,,,,,,,,,
Botswana,2013,NA,,,,,,,,,,,,,,,,,,,,,,,,
Botswana,2014,NA,,,,,,,,,,,,,,,,,,,,,,,,
Botswana,2015,NA,,,,,,,,,,,,,,,,,,,,,,,,
Botswana,2016,NA,,,,,,,,,,,,,,,,,,,,,,,,
Botswana,2017,NA,,,,,,,,,,,,,,,,,,,,,,,,
Botswana,2018,NA,,,,,,,,,,,,,,,,,,,,,,,,
Botswana,2019,NA,,,,,,,,,,,,,,,,,,,,,,,,
Botswana,2020,NA,,,,,,,,,,,,,,,,,,,,,,,,
Botswana,2021,NA,,,,,,,,,,,,,,,,,,,,,,,,
Botswana,2022,NA,,,,,,,,,,,,,,,,,,,,,,,,
Burkina Faso,2000,NA,,,,,,,,,,,,,,,,,,,,,,,,
Burkina Faso,2001,NA,,,,,,,,,,,,,,,,,,,,,,,,
Burkina Faso,2002,NA,,,,,,,,,,,,,,,,,,,,,,,,
Burkina Faso,2003,NA,,,,,,,,,,,,,,,,,,,,,,,,
Burkina Faso,2004,NA,,,,,,,,,,,,,,,,,,,,,,,,
Burkina Faso,2005,3.5,,,,,,,,,,,,,,,,,,,,,,,,
Burkina Faso,2006,3,,,,,,,,,,,,,,,,,,,,,,,,
Burkina Faso,2007,3,,,,,,,,,,,,,,,,,,,,,,,,
Burkina Faso,2008,3,,,,,,,,,,,,,,,,,,,,,,,,
Burkina Faso,2009,3.5,,,,,,,,,,,,,,,,,,,,,,,,
Burkina Faso,2010,3.5,,,,,,,,,,,,,,,,,,,,,,,,
Burkina Faso,2011,3.5,,,,,,,,,,,,,,,,,,,,,,,,
Burkina Faso,2012,3.5,,,,,,,,,,,,,,,,,,,,,,,,
Burkina Faso,2013,3.5,,,,,,,,,,,,,,,,,,,,,,,,
Burkina Faso,2014,3.5,,,,,,,,,,,,,,,,,,,,,,,,
Burkina Faso,2015,3.5,,,,,,,,,,,,,,,,,,,,,,,,
Burkina Faso,2016,3.5,,,,,,,,,,,,,,,,,,,,,,,,
Burkina Faso,2017,3.5,,,,,,,,,,,,,,,,,,,,,,,,
Burkina Faso,2018,3.5,,,,,,,,,,,,,,,,,,,,,,,,
Burkina Faso,2019,3.5,,,,,,,,,,,,,,,,,,,,,,,,
Burkina Faso,2020,3.5,,,,,,,,,,,,,,,,,,,,,,,,
Burkina Faso,2021,3.5,,,,,,,,,,,,,,,,,,,,,,,,
Burkina Faso,2022,3.5,,,,,,,,,,,,,,,,,,,,,,,,
Burundi,2000,NA,,,,,,,,,,,,,,,,,,,,,,,,
Burundi,2001,NA,,,,,,,,,,,,,,,,,,,,,,,,
Burundi,2002,NA,,,,,,,,,,,,,,,,,,,,,,,,
Burundi,2003,NA,,,,,,,,,,,,,,,,,,,,,,,,
Burundi,2004,NA,,,,,,,,,,,,,,,,,,,,,,,,
Burundi,2005,3,,,,,,,,,,,,,,,,,,,,,,,,
Burundi,2006,2.5,,,,,,,,,,,,,,,,,,,,,,,,
Burundi,2007,2,,,,,,,,,,,,,,,,,,,,,,,,
Burundi,2008,2,,,,,,,,,,,,,,,,,,,,,,,,
Burundi,2009,2,,,,,,,,,,,,,,,,,,,,,,,,
Burundi,2010,2,,,,,,,,,,,,,,,,,,,,,,,,
Burundi,2011,2,,,,,,,,,,,,,,,,,,,,,,,,
Burundi,2012,2,,,,,,,,,,,,,,,,,,,,,,,,
Burundi,2013,2,,,,,,,,,,,,,,,,,,,,,,,,
Burundi,2014,2.5,,,,,,,,,,,,,,,,,,,,,,,,
Burundi,2015,2,,,,,,,,,,,,,,,,,,,,,,,,
Burundi,2016,2,,,,,,,,,,,,,,,,,,,,,,,,
Burundi,2017,1.5,,,,,,,,,,,,,,,,,,,,,,,,
Burundi,2018,1.5,,,,,,,,,,,,,,,,,,,,,,,,
Burundi,2019,1.5,,,,,,,,,,,,,,,,,,,,,,,,
Burundi,2020,1.5,,,,,,,,,,,,,,,,,,,,,,,,
Burundi,2021,1.5,,,,,,,,,,,,,,,,,,,,,,,,
Burundi,2022,2,,,,,,,,,,,,,,,,,,,,,,,,
Cabo Verde,2000,NA,,,,,,,,,,,,,,,,,,,,,,,,
Cabo Verde,2001,NA,,,,,,,,,,,,,,,,,,,,,,,,
Cabo Verde,2002,NA,,,,,,,,,,,,,,,,,,,,,,,,
Cabo Verde,2003,NA,,,,,,,,,,,,,,,,,,,,,,,,
Cabo Verde,2004,NA,,,,,,,,,,,,,,,,,,,,,,,,
Cabo Verde,2005,4.5,,,,,,,,,,,,,,,,,,,,,,,,
Cabo Verde,2006,4.5,,,,,,,,,,,,,,,,,,,,,,,,
Cabo Verde,2007,4.5,,,,,,,,,,,,,,,,,,,,,,,,
Cabo Verde,2008,4.5,,,,,,,,,,,,,,,,,,,,,,,,
Cabo Verde,2009,4.5,,,,,,,,,,,,,,,,,,,,,,,,
Cabo Verde,2010,4.5,,,,,,,,,,,,,,,,,,,,,,,,
Cabo Verde,2011,4.5,,,,,,,,,,,,,,,,,,,,,,,,
Cabo Verde,2012,4.5,,,,,,,,,,,,,,,,,,,,,,,,
Cabo Verde,2013,4.5,,,,,,,,,,,,,,,,,,,,,,,,
Cabo Verde,2014,4.5,,,,,,,,,,,,,,,,,,,,,,,,
Cabo Verde,2015,4.5,,,,,,,,,,,,,,,,,,,,,,,,
Cabo Verde,2016,4,,,,,,,,,,,,,,,,,,,,,,,,
Cabo Verde,2017,4,,,,,,,,,,,,,,,,,,,,,,,,
Cabo Verde,2018,4.5,,,,,,,,,,,,,,,,,,,,,,,,
Cabo Verde,2019,4.5,,,,,,,,,,,,,,,,,,,,,,,,
Cabo Verde,2020,4.5,,,,,,,,,,,,,,,,,,,,,,,,
Cabo Verde,2021,4.5,,,,,,,,,,,,,,,,,,,,,,,,
Cabo Verde,2022,4.5,,,,,,,,,,,,,,,,,,,,,,,,
Cameroon,2000,NA,,,,,,,,,,,,,,,,,,,,,,,,
Cameroon,2001,NA,,,,,,,,,,,,,,,,,,,,,,,,
Cameroon,2002,NA,,,,,,,,,,,,,,,,,,,,,,,,
Cameroon,2003,NA,,,,,,,,,,,,,,,,,,,,,,,,
Cameroon,2004,NA,,,,,,,,,,,,,,,,,,,,,,,,
Cameroon,2005,2.5,,,,,,,,,,,,,,,,,,,,,,,,
Cameroon,2006,2.5,,,,,,,,,,,,,,,,,,,,,,,,
Cameroon,2007,2.5,,,,,,,,,,,,,,,,,,,,,,,,
Cameroon,2008,2.5,,,,,,,,,,,,,,,,,,,,,,,,
Cameroon,2009,2.5,,,,,,,,,,,,,,,,,,,,,,,,
Cameroon,2010,2.5,,,,,,,,,,,,,,,,,,,,,,,,
Cameroon,2011,2.5,,,,,,,,,,,,,,,,,,,,,,,,
Cameroon,2012,2.5,,,,,,,,,,,,,,,,,,,,,,,,
Cameroon,2013,2.5,,,,,,,,,,,,,,,,,,,,,,,,
Cameroon,2014,2.5,,,,,,,,,,,,,,,,,,,,,,,,
Cameroon,2015,2.5,,,,,,,,,,,,,,,,,,,,,,,,
Cameroon,2016,2.5,,,,,,,,,,,,,,,,,,,,,,,,
Cameroon,2017,2.5,,,,,,,,,,,,,,,,,,,,,,,,
Cameroon,2018,2.5,,,,,,,,,,,,,,,,,,,,,,,,
Cameroon,2019,2.5,,,,,,,,,,,,,,,,,,,,,,,,
Cameroon,2020,3,,,,,,,,,,,,,,,,,,,,,,,,
Cameroon,2021,3,,,,,,,,,,,,,,,,,,,,,,,,
Cameroon,2022,3,,,,,,,,,,,,,,,,,,,,,,,,
Central African Republic,2000,NA,,,,,,,,,,,,,,,,,,,,,,,,
Central African Republic,2001,NA,,,,,,,,,,,,,,,,,,,,,,,,
Central African Republic,2002,NA,,,,,,,,,,,,,,,,,,,,,,,,
Central African Republic,2003,NA,,,,,,,,,,,,,,,,,,,,,,,,
Central African Republic,2004,NA,,,,,,,,,,,,,,,,,,,,,,,,
Central African Republic,2005,2.5,,,,,,,,,,,,,,,,,,,,,,,,
Central African Republic,2006,2.5,,,,,,,,,,,,,,,,,,,,,,,,
Central African Republic,2007,2.5,,,,,,,,,,,,,,,,,,,,,,,,
Central African Republic,2008,2.5,,,,,,,,,,,,,,,,,,,,,,,,
Central African Republic,2009,2.5,,,,,,,,,,,,,,,,,,,,,,,,
Central African Republic,2010,2.5,,,,,,,,,,,,,,,,,,,,,,,,
Central African Republic,2011,2.5,,,,,,,,,,,,,,,,,,,,,,,,
Central African Republic,2012,2.5,,,,,,,,,,,,,,,,,,,,,,,,
Central African Republic,2013,2.5,,,,,,,,,,,,,,,,,,,,,,,,
Central African Republic,2014,2.5,,,,,,,,,,,,,,,,,,,,,,,,
Central African Republic,2015,2.5,,,,,,,,,,,,,,,,,,,,,,,,
Central African Republic,2016,2.5,,,,,,,,,,,,,,,,,,,,,,,,
Central African Republic,2017,2.5,,,,,,,,,,,,,,,,,,,,,,,,
Central African Republic,2018,2.5,,,,,,,,,,,,,,,,,,,,,,,,
Central African Republic,2019,2.5,,,,,,,,,,,,,,,,,,,,,,,,
Central African Republic,2020,2.5,,,,,,,,,,,,,,,,,,,,,,,,
Central African Republic,2021,2.5,,,,,,,,,,,,,,,,,,,,,,,,
Central African Republic,2022,2.5,,,,,,,,,,,,,,,,,,,,,,,,
Chad,2000,NA,,,,,,,,,,,,,,,,,,,,,,,,
Chad,2001,NA,,,,,,,,,,,,,,,,,,,,,,,,
Chad,2002,NA,,,,,,,,,,,,,,,,,,,,,,,,
Chad,2003,NA,,,,,,,,,,,,,,,,,,,,,,,,
Chad,2004,NA,,,,,,,,,,,,,,,,,,,,,,,,
Chad,2005,2,,,,,,,,,,,,,,,,,,,,,,,,
Chad,2006,2,,,,,,,,,,,,,,,,,,,,,,,,
Chad,2007,2,,,,,,,,,,,,,,,,,,,,,,,,
Chad,2008,2,,,,,,,,,,,,,,,,,,,,,,,,
Chad,2009,2,,,,,,,,,,,,,,,,,,,,,,,,
Chad,2010,2,,,,,,,,,,,,,,,,,,,,,,,,
Chad,2011,2,,,,,,,,,,,,,,,,,,,,,,,,
Chad,2012,2,,,,,,,,,,,,,,,,,,,,,,,,
Chad,2013,2,,,,,,,,,,,,,,,,,,,,,,,,
Chad,2014,2.5,,,,,,,,,,,,,,,,,,,,,,,,
Chad,2015,2.5,,,,,,,,,,,,,,,,,,,,,,,,
Chad,2016,2.5,,,,,,,,,,,,,,,,,,,,,,,,
Chad,2017,2.5,,,,,,,,,,,,,,,,,,,,,,,,
Chad,2018,2.5,,,,,,,,,,,,,,,,,,,,,,,,
Chad,2019,2.5,,,,,,,,,,,,,,,,,,,,,,,,
Chad,2020,2.5,,,,,,,,,,,,,,,,,,,,,,,,
Chad,2021,2,,,,,,,,,,,,,,,,,,,,,,,,
Chad,2022,2,,,,,,,,,,,,,,,,,,,,,,,,
Comoros,2000,NA,,,,,,,,,,,,,,,,,,,,,,,,
Comoros,2001,NA,,,,,,,,,,,,,,,,,,,,,,,,
Comoros,2002,NA,,,,,,,,,,,,,,,,,,,,,,,,
Comoros,2003,NA,,,,,,,,,,,,,,,,,,,,,,,,
Comoros,2004,NA,,,,,,,,,,,,,,,,,,,,,,,,
Comoros,2005,2.5,,,,,,,,,,,,,,,,,,,,,,,,
Comoros,2006,2.5,,,,,,,,,,,,,,,,,,,,,,,,
Comoros,2007,2.5,,,,,,,,,,,,,,,,,,,,,,,,
Comoros,2008,2.5,,,,,,,,,,,,,,,,,,,,,,,,
Comoros,2009,2.5,,,,,,,,,,,,,,,,,,,,,,,,
Comoros,2010,2.5,,,,,,,,,,,,,,,,,,,,,,,,
Comoros,2011,2.5,,,,,,,,,,,,,,,,,,,,,,,,
Comoros,2012,2.5,,,,,,,,,,,,,,,,,,,,,,,,
Comoros,2013,2.5,,,,,,,,,,,,,,,,,,,,,,,,
Comoros,2014,2.5,,,,,,,,,,,,,,,,,,,,,,,,
Comoros,2015,2.5,,,,,,,,,,,,,,,,,,,,,,,,
Comoros,2016,2.5,,,,,,,,,,,,,,,,,,,,,,,,
Comoros,2017,2.5,,,,,,,,,,,,,,,,,,,,,,,,
Comoros,2018,2.5,,,,,,,,,,,,,,,,,,,,,,,,
Comoros,2019,2.5,,,,,,,,,,,,,,,,,,,,,,,,
Comoros,2020,2.5,,,,,,,,,,,,,,,,,,,,,,,,
Comoros,2021,2,,,,,,,,,,,,,,,,,,,,,,,,
Comoros,2022,2,,,,,,,,,,,,,,,,,,,,,,,,
"Congo, Dem. Rep.",2000,NA,,,,,,,,,,,,,,,,,,,,,,,,
"Congo, Dem. Rep.",2001,NA,,,,,,,,,,,,,,,,,,,,,,,,
"Congo, Dem. Rep.",2002,NA,,,,,,,,,,,,,,,,,,,,,,,,
"Congo, Dem. Rep.",2003,NA,,,,,,,,,,,,,,,,,,,,,,,,
"Congo, Dem. Rep.",2004,NA,,,,,,,,,,,,,,,,,,,,,,,,
"Congo, Dem. Rep.",2005,2,,,,,,,,,,,,,,,,,,,,,,,,
"Congo, Dem. Rep.",2006,2,,,,,,,,,,,,,,,,,,,,,,,,
"Congo, Dem. Rep.",2007,2,,,,,,,,,,,,,,,,,,,,,,,,
"Congo, Dem. Rep.",2008,2,,,,,,,,,,,,,,,,,,,,,,,,
"Congo, Dem. Rep.",2009,2,,,,,,,,,,,,,,,,,,,,,,,,
"Congo, Dem. Rep.",2010,2,,,,,,,,,,,,,,,,,,,,,,,,
"Congo, Dem. Rep.",2011,2,,,,,,,,,,,,,,,,,,,,,,,,
"Congo, Dem. Rep.",2012,2,,,,,,,,,,,,,,,,,,,,,,,,
"Congo, Dem. Rep.",2013,2,,,,,,,,,,,,,,,,,,,,,,,,
"Congo, Dem. Rep.",2014,2,,,,,,,,,,,,,,,,,,,,,,,,
"Congo, Dem. Rep.",2015,2,,,,,,,,,,,,,,,,,,,,,,,,
"Congo, Dem. Rep.",2016,2,,,,,,,,,,,,,,,,,,,,,,,,
"Congo, Dem. Rep.",2017,2,,,,,,,,,,,,,,,,,,,,,,,,
"Congo, Dem. Rep.",2018,2,,,,,,,,,,,,,,,,,,,,,,,,
"Congo, Dem. Rep.",2019,2,,,,,,,,,,,,,,,,,,,,,,,,
"Congo, Dem. Rep.",2020,2,,,,,,,,,,,,,,,,,,,,,,,,
"Congo, Dem. Rep.",2021,2,,,,,,,,,,,,,,,,,,,,,,,,
"Congo, Dem. Rep.",2022,2,,,,,,,,,,,,,,,,,,,,,,,,
"Congo, Rep.",2000,NA,,,,,,,,,,,,,,,,,,,,,,,,
"Congo, Rep.",2001,NA,,,,,,,,,,,,,,,,,,,,,,,,
"Congo, Rep.",2002,NA,,,,,,,,,,,,,,,,,,,,,,,,
"Congo, Rep.",2003,NA,,,,,,,,,,,,,,,,,,,,,,,,
"Congo, Rep.",2004,NA,,,,,,,,,,,,,,,,,,,,,,,,
"Congo, Rep.",2005,2.5,,,,,,,,,,,,,,,,,,,,,,,,
"Congo, Rep.",2006,2.5,,,,,,,,,,,,,,,,,,,,,,,,
"Congo, Rep.",2007,2.5,,,,,,,,,,,,,,,,,,,,,,,,
"Congo, Rep.",2008,2.5,,,,,,,,,,,,,,,,,,,,,,,,
"Congo, Rep.",2009,2.5,,,,,,,,,,,,,,,,,,,,,,,,
"Congo, Rep.",2010,2.5,,,,,,,,,,,,,,,,,,,,,,,,
"Congo, Rep.",2011,2.5,,,,,,,,,,,,,,,,,,,,,,,,
"Congo, Rep.",2012,2,,,,,,,,,,,,,,,,,,,,,,,,
"Congo, Rep.",2013,2,,,,,,,,,,,,,,,,,,,,,,,,
"Congo, Rep.",2014,2,,,,,,,,,,,,,,,,,,,,,,,,
"Congo, Rep.",2015,2,,,,,,,,,,,,,,,,,,,,,,,,
"Congo, Rep.",2016,2,,,,,,,,,,,,,,,,,,,,,,,,
"Congo, Rep.",2017,2,,,,,,,,,,,,,,,,,,,,,,,,
"Congo, Rep.",2018,2,,,,,,,,,,,,,,,,,,,,,,,,
"Congo, Rep.",2019,2,,,,,,,,,,,,,,,,,,,,,,,,
"Congo, Rep.",2020,2,,,,,,,,,,,,,,,,,,,,,,,,
"Congo, Rep.",2021,2,,,,,,,,,,,,,,,,,,,,,,,,
"Congo, Rep.",2022,2.5,,,,,,,,,,,,,,,,,,,,,,,,
Cote d'Ivoire,2000,NA,,,,,,,,,,,,,,,,,,,,,,,,
Cote d'Ivoire,2001,NA,,,,,,,,,,,,,,,,,,,,,,,,
Cote d'Ivoire,2002,NA,,,,,,,,,,,,,,,,,,,,,,,,
Cote d'Ivoire,2003,NA,,,,,,,,,,,,,,,,,,,,,,,,
Cote d'Ivoire,2004,NA,,,,,,,,,,,,,,,,,,,,,,,,
Cote d'Ivoire,2005,2,,,,,,,,,,,,,,,,,,,,,,,,
Cote d'Ivoire,2006,2,,,,,,,,,,,,,,,,,,,,,,,,
Cote d'Ivoire,2007,2,,,,,,,,,,,,,,,,,,,,,,,,
Cote d'Ivoire,2008,2.5,,,,,,,,,,,,,,,,,,,,,,,,
Cote d'Ivoire,2009,2.5,,,,,,,,,,,,,,,,,,,,,,,,
Cote d'Ivoire,2010,2,,,,,,,,,,,,,,,,,,,,,,,,
Cote d'Ivoire,2011,2.5,,,,,,,,,,,,,,,,,,,,,,,,
Cote d'Ivoire,2012,2.5,,,,,,,,,,,,,,,,,,,,,,,,
Cote d'Ivoire,2013,3,,,,,,,,,,,,,,,,,,,,,,,,
Cote d'Ivoire,2014,3,,,,,,,,,,,,,,,,,,,,,,,,
Cote d'Ivoire,2015,3,,,,,,,,,,,,,,,,,,,,,,,,
Cote d'Ivoire,2016,3,,,,,,,,,,,,,,,,,,,,,,,,
Cote d'Ivoire,2017,3,,,,,,,,,,,,,,,,,,,,,,,,
Cote d'Ivoire,2018,3,,,,,,,,,,,,,,,,,,,,,,,,
Cote d'Ivoire,2019,3.5,,,,,,,,,,,,,,,,,,,,,,,,
Cote d'Ivoire,2020,3.5,,,,,,,,,,,,,,,,,,,,,,,,
Cote d'Ivoire,2021,3.5,,,,,,,,,,,,,,,,,,,,,,,,
Cote d'Ivoire,2022,3.5,,,,,,,,,,,,,,,,,,,,,,,,
Djibouti,2000,NA,,,,,,,,,,,,,,,,,,,,,,,,
Djibouti,2001,NA,,,,,,,,,,,,,,,,,,,,,,,,
Djibouti,2002,NA,,,,,,,,,,,,,,,,,,,,,,,,
Djibouti,2003,NA,,,,,,,,,,,,,,,,,,,,,,,,
Djibouti,2004,NA,,,,,,,,,,,,,,,,,,,,,,,,
Djibouti,2005,2.5,,,,,,,,,,,,,,,,,,,,,,,,
Djibouti,2006,2.5,,,,,,,,,,,,,,,,,,,,,,,,
Djibouti,2007,2.5,,,,,,,,,,,,,,,,,,,,,,,,
Djibouti,2008,2.5,,,,,,,,,,,,,,,,,,,,,,,,
Djibouti,2009,2.5,,,,,,,,,,,,,,,,,,,,,,,,
Djibouti,2010,2.5,,,,,,,,,,,,,,,,,,,,,,,,
Djibouti,2011,2.5,,,,,,,,,,,,,,,,,,,,,,,,
Djibouti,2012,2.5,,,,,,,,,,,,,,,,,,,,,,,,
Djibouti,2013,2.5,,,,,,,,,,,,,,,,,,,,,,,,
Djibouti,2014,2.5,,,,,,,,,,,,,,,,,,,,,,,,
Djibouti,2015,2.5,,,,,,,,,,,,,,,,,,,,,,,,
Djibouti,2016,2.5,,,,,,,,,,,,,,,,,,,,,,,,
Djibouti,2017,2.5,,,,,,,,,,,,,,,,,,,,,,,,
Djibouti,2018,2.5,,,,,,,,,,,,,,,,,,,,,,,,
Djibouti,2019,2.5,,,,,,,,,,,,,,,,,,,,,,,,
Djibouti,2020,3,,,,,,,,,,,,,,,,,,,,,,,,
Djibouti,2021,3,,,,,,,,,,,,,,,,,,,,,,,,
Djibouti,2022,3,,,,,,,,,,,,,,,,,,,,,,,,
"Egypt, Arab Rep.",2000,NA,,,,,,,,,,,,,,,,,,,,,,,,
"Egypt, Arab Rep.",2001,NA,,,,,,,,,,,,,,,,,,,,,,,,
"Egypt, Arab Rep.",2002,NA,,,,,,,,,,,,,,,,,,,,,,,,
"Egypt, Arab Rep.",2003,NA,,,,,,,,,,,,,,,,,,,,,,,,
"Egypt, Arab Rep.",2004,NA,,,,,,,,,,,,,,,,,,,,,,,,
"Egypt, Arab Rep.",2005,NA,,,,,,,,,,,,,,,,,,,,,,,,
"Egypt, Arab Rep.",2006,NA,,,,,,,,,,,,,,,,,,,,,,,,
"Egypt, Arab Rep.",2007,NA,,,,,,,,,,,,,,,,,,,,,,,,
"Egypt, Arab Rep.",2008,NA,,,,,,,,,,,,,,,,,,,,,,,,
"Egypt, Arab Rep.",2009,NA,,,,,,,,,,,,,,,,,,,,,,,,
"Egypt, Arab Rep.",2010,NA,,,,,,,,,,,,,,,,,,,,,,,,
"Egypt, Arab Rep.",2011,NA,,,,,,,,,,,,,,,,,,,,,,,,
"Egypt, Arab Rep.",2012,NA,,,,,,,,,,,,,,,,,,,,,,,,
"Egypt, Arab Rep.",2013,NA,,,,,,,,,,,,,,,,,,,,,,,,
"Egypt, Arab Rep.",2014,NA,,,,,,,,,,,,,,,,,,,,,,,,
"Egypt, Arab Rep.",2015,NA,,,,,,,,,,,,,,,,,,,,,,,,
"Egypt, Arab Rep.",2016,NA,,,,,,,,,,,,,,,,,,,,,,,,
"Egypt, Arab Rep.",2017,NA,,,,,,,,,,,,,,,,,,,,,,,,
"Egypt, Arab Rep.",2018,NA,,,,,,,,,,,,,,,,,,,,,,,,
"Egypt, Arab Rep.",2019,NA,,,,,,,,,,,,,,,,,,,,,,,,
"Egypt, Arab Rep.",2020,NA,,,,,,,,,,,,,,,,,,,,,,,,
"Egypt, Arab Rep.",2021,NA,,,,,,,,,,,,,,,,,,,,,,,,
"Egypt, Arab Rep.",2022,NA,,,,,,,,,,,,,,,,,,,,,,,,
Equatorial Guinea,2000,NA,,,,,,,,,,,,,,,,,,,,,,,,
Equatorial Guinea,2001,NA,,,,,,,,,,,,,,,,,,,,,,,,
Equatorial Guinea,2002,NA,,,,,,,,,,,,,,,,,,,,,,,,
Equatorial Guinea,2003,NA,,,,,,,,,,,,,,,,,,,,,,,,
Equatorial Guinea,2004,NA,,,,,,,,,,,,,,,,,,,,,,,,
Equatorial Guinea,2005,NA,,,,,,,,,,,,,,,,,,,,,,,,
Equatorial Guinea,2006,NA,,,,,,,,,,,,,,,,,,,,,,,,
Equatorial Guinea,2007,NA,,,,,,,,,,,,,,,,,,,,,,,,
Equatorial Guinea,2008,NA,,,,,,,,,,,,,,,,,,,,,,,,
Equatorial Guinea,2009,NA,,,,,,,,,,,,,,,,,,,,,,,,
Equatorial Guinea,2010,NA,,,,,,,,,,,,,,,,,,,,,,,,
Equatorial Guinea,2011,NA,,,,,,,,,,,,,,,,,,,,,,,,
Equatorial Guinea,2012,NA,,,,,,,,,,,,,,,,,,,,,,,,
Equatorial Guinea,2013,NA,,,,,,,,,,,,,,,,,,,,,,,,
Equatorial Guinea,2014,NA,,,,,,,,,,,,,,,,,,,,,,,,
Equatorial Guinea,2015,NA,,,,,,,,,,,,,,,,,,,,,,,,
Equatorial Guinea,2016,NA,,,,,,,,,,,,,,,,,,,,,,,,
Equatorial Guinea,2017,NA,,,,,,,,,,,,,,,,,,,,,,,,
Equatorial Guinea,2018,NA,,,,,,,,,,,,,,,,,,,,,,,,
Equatorial Guinea,2019,NA,,,,,,,,,,,,,,,,,,,,,,,,
Equatorial Guinea,2020,NA,,,,,,,,,,,,,,,,,,,,,,,,
Equatorial Guinea,2021,NA,,,,,,,,,,,,,,,,,,,,,,,,
Equatorial Guinea,2022,NA,,,,,,,,,,,,,,,,,,,,,,,,
Eritrea,2000,NA,,,,,,,,,,,,,,,,,,,,,,,,
Eritrea,2001,NA,,,,,,,,,,,,,,,,,,,,,,,,
Eritrea,2002,NA,,,,,,,,,,,,,,,,,,,,,,,,
Eritrea,2003,NA,,,,,,,,,,,,,,,,,,,,,,,,
Eritrea,2004,NA,,,,,,,,,,,,,,,,,,,,,,,,
Eritrea,2005,2.5,,,,,,,,,,,,,,,,,,,,,,,,
Eritrea,2006,2.5,,,,,,,,,,,,,,,,,,,,,,,,
Eritrea,2007,2,,,,,,,,,,,,,,,,,,,,,,,,
Eritrea,2008,2,,,,,,,,,,,,,,,,,,,,,,,,
Eritrea,2009,2,,,,,,,,,,,,,,,,,,,,,,,,
Eritrea,2010,2,,,,,,,,,,,,,,,,,,,,,,,,
Eritrea,2011,2,,,,,,,,,,,,,,,,,,,,,,,,
Eritrea,2012,2,,,,,,,,,,,,,,,,,,,,,,,,
Eritrea,2013,2,,,,,,,,,,,,,,,,,,,,,,,,
Eritrea,2014,2,,,,,,,,,,,,,,,,,,,,,,,,
Eritrea,2015,2,,,,,,,,,,,,,,,,,,,,,,,,
Eritrea,2016,2,,,,,,,,,,,,,,,,,,,,,,,,
Eritrea,2017,2,,,,,,,,,,,,,,,,,,,,,,,,
Eritrea,2018,2.5,,,,,,,,,,,,,,,,,,,,,,,,
Eritrea,2019,2.5,,,,,,,,,,,,,,,,,,,,,,,,
Eritrea,2020,2.5,,,,,,,,,,,,,,,,,,,,,,,,
Eritrea,2021,2.5,,,,,,,,,,,,,,,,,,,,,,,,
Eritrea,2022,2.5,,,,,,,,,,,,,,,,,,,,,,,,
Eswatini,2000,NA,,,,,,,,,,,,,,,,,,,,,,,,
Eswatini,2001,NA,,,,,,,,,,,,,,,,,,,,,,,,
Eswatini,2002,NA,,,,,,,,,,,,,,,,,,,,,,,,
Eswatini,2003,NA,,,,,,,,,,,,,,,,,,,,,,,,
Eswatini,2004,NA,,,,,,,,,,,,,,,,,,,,,,,,
Eswatini,2005,NA,,,,,,,,,,,,,,,,,,,,,,,,
Eswatini,2006,NA,,,,,,,,,,,,,,,,,,,,,,,,
Eswatini,2007,NA,,,,,,,,,,,,,,,,,,,,,,,,
Eswatini,2008,NA,,,,,,,,,,,,,,,,,,,,,,,,
Eswatini,2009,NA,,,,,,,,,,,,,,,,,,,,,,,,
Eswatini,2010,NA,,,,,,,,,,,,,,,,,,,,,,,,
Eswatini,2011,NA,,,,,,,,,,,,,,,,,,,,,,,,
Eswatini,2012,NA,,,,,,,,,,,,,,,,,,,,,,,,
Eswatini,2013,NA,,,,,,,,,,,,,,,,,,,,,,,,
Eswatini,2014,NA,,,,,,,,,,,,,,,,,,,,,,,,
Eswatini,2015,NA,,,,,,,,,,,,,,,,,,,,,,,,
Eswatini,2016,NA,,,,,,,,,,,,,,,,,,,,,,,,
Eswatini,2017,NA,,,,,,,,,,,,,,,,,,,,,,,,
Eswatini,2018,NA,,,,,,,,,,,,,,,,,,,,,,,,
Eswatini,2019,NA,,,,,,,,,,,,,,,,,,,,,,,,
Eswatini,2020,NA,,,,,,,,,,,,,,,,,,,,,,,,
Eswatini,2021,NA,,,,,,,,,,,,,,,,,,,,,,,,
Eswatini,2022,NA,,,,,,,,,,,,,,,,,,,,,,,,
Ethiopia,2000,NA,,,,,,,,,,,,,,,,,,,,,,,,
Ethiopia,2001,NA,,,,,,,,,,,,,,,,,,,,,,,,
Ethiopia,2002,NA,,,,,,,,,,,,,,,,,,,,,,,,
Ethiopia,2003,NA,,,,,,,,,,,,,,,,,,,,,,,,
Ethiopia,2004,NA,,,,,,,,,,,,,,,,,,,,,,,,
Ethiopia,2005,2.5,,,,,,,,,,,,,,,,,,,,,,,,
Ethiopia,2006,2.5,,,,,,,,,,,,,,,,,,,,,,,,
Ethiopia,2007,2.5,,,,,,,,,,,,,,,,,,,,,,,,
Ethiopia,2008,2.5,,,,,,,,,,,,,,,,,,,,,,,,
Ethiopia,2009,2.5,,,,,,,,,,,,,,,,,,,,,,,,
Ethiopia,2010,2.5,,,,,,,,,,,,,,,,,,,,,,,,
Ethiopia,2011,3,,,,,,,,,,,,,,,,,,,,,,,,
Ethiopia,2012,3,,,,,,,,,,,,,,,,,,,,,,,,
Ethiopia,2013,3,,,,,,,,,,,,,,,,,,,,,,,,
Ethiopia,2014,3,,,,,,,,,,,,,,,,,,,,,,,,
Ethiopia,2015,3,,,,,,,,,,,,,,,,,,,,,,,,
Ethiopia,2016,3,,,,,,,,,,,,,,,,,,,,,,,,
Ethiopia,2017,3,,,,,,,,,,,,,,,,,,,,,,,,
Ethiopia,2018,3,,,,,,,,,,,,,,,,,,,,,,,,
Ethiopia,2019,3,,,,,,,,,,,,,,,,,,,,,,,,
Ethiopia,2020,3,,,,,,,,,,,,,,,,,,,,,,,,
Ethiopia,2021,3,,,,,,,,,,,,,,,,,,,,,,,,
Ethiopia,2022,3,,,,,,,,,,,,,,,,,,,,,,,,
Gabon,2000,NA,,,,,,,,,,,,,,,,,,,,,,,,
Gabon,2001,NA,,,,,,,,,,,,,,,,,,,,,,,,
Gabon,2002,NA,,,,,,,,,,,,,,,,,,,,,,,,
Gabon,2003,NA,,,,,,,,,,,,,,,,,,,,,,,,
Gabon,2004,NA,,,,,,,,,,,,,,,,,,,,,,,,
Gabon,2005,NA,,,,,,,,,,,,,,,,,,,,,,,,
Gabon,2006,NA,,,,,,,,,,,,,,,,,,,,,,,,
Gabon,2007,NA,,,,,,,,,,,,,,,,,,,,,,,,
Gabon,2008,NA,,,,,,,,,,,,,,,,,,,,,,,,
Gabon,2009,NA,,,,,,,,,,,,,,,,,,,,,,,,
Gabon,2010,NA,,,,,,,,,,,,,,,,,,,,,,,,
Gabon,2011,NA,,,,,,,,,,,,,,,,,,,,,,,,
Gabon,2012,NA,,,,,,,,,,,,,,,,,,,,,,,,
Gabon,2013,NA,,,,,,,,,,,,,,,,,,,,,,,,
Gabon,2014,NA,,,,,,,,,,,,,,,,,,,,,,,,
Gabon,2015,NA,,,,,,,,,,,,,,,,,,,,,,,,
Gabon,2016,NA,,,,,,,,,,,,,,,,,,,,,,,,
Gabon,2017,NA,,,,,,,,,,,,,,,,,,,,,,,,
Gabon,2018,NA,,,,,,,,,,,,,,,,,,,,,,,,
Gabon,2019,NA,,,,,,,,,,,,,,,,,,,,,,,,
Gabon,2020,NA,,,,,,,,,,,,,,,,,,,,,,,,
Gabon,2021,NA,,,,,,,,,,,,,,,,,,,,,,,,
Gabon,2022,NA,,,,,,,,,,,,,,,,,,,,,,,,
"Gambia, The",2000,NA,,,,,,,,,,,,,,,,,,,,,,,,
"Gambia, The",2001,NA,,,,,,,,,,,,,,,,,,,,,,,,
"Gambia, The",2002,NA,,,,,,,,,,,,,,,,,,,,,,,,
"Gambia, The",2003,NA,,,,,,,,,,,,,,,,,,,,,,,,
"Gambia, The",2004,NA,,,,,,,,,,,,,,,,,,,,,,,,
"Gambia, The",2005,2,,,,,,,,,,,,,,,,,,,,,,,,
"Gambia, The",2006,2,,,,,,,,,,,,,,,,,,,,,,,,
"Gambia, The",2007,2,,,,,,,,,,,,,,,,,,,,,,,,
"Gambia, The",2008,2,,,,,,,,,,,,,,,,,,,,,,,,
"Gambia, The",2009,2,,,,,,,,,,,,,,,,,,,,,,,,
"Gambia, The",2010,2,,,,,,,,,,,,,,,,,,,,,,,,
"Gambia, The",2011,2.5,,,,,,,,,,,,,,,,,,,,,,,,
"Gambia, The",2012,2,,,,,,,,,,,,,,,,,,,,,,,,
"Gambia, The",2013,2,,,,,,,,,,,,,,,,,,,,,,,,
"Gambia, The",2014,2,,,,,,,,,,,,,,,,,,,,,,,,
"Gambia, The",2015,2,,,,,,,,,,,,,,,,,,,,,,,,
"Gambia, The",2016,2,,,,,,,,,,,,,,,,,,,,,,,,
"Gambia, The",2017,2,,,,,,,,,,,,,,,,,,,,,,,,
"Gambia, The",2018,2.5,,,,,,,,,,,,,,,,,,,,,,,,
"Gambia, The",2019,2.5,,,,,,,,,,,,,,,,,,,,,,,,
"Gambia, The",2020,2.5,,,,,,,,,,,,,,,,,,,,,,,,
"Gambia, The",2021,2.5,,,,,,,,,,,,,,,,,,,,,,,,
"Gambia, The",2022,3,,,,,,,,,,,,,,,,,,,,,,,,
Ghana,2000,NA,,,,,,,,,,,,,,,,,,,,,,,,
Ghana,2001,NA,,,,,,,,,,,,,,,,,,,,,,,,
Ghana,2002,NA,,,,,,,,,,,,,,,,,,,,,,,,
Ghana,2003,NA,,,,,,,,,,,,,,,,,,,,,,,,
Ghana,2004,NA,,,,,,,,,,,,,,,,,,,,,,,,
Ghana,2005,3.5,,,,,,,,,,,,,,,,,,,,,,,,
Ghana,2006,4,,,,,,,,,,,,,,,,,,,,,,,,
Ghana,2007,4,,,,,,,,,,,,,,,,,,,,,,,,
Ghana,2008,4,,,,,,,,,,,,,,,,,,,,,,,,
Ghana,2009,4,,,,,,,,,,,,,,,,,,,,,,,,
Ghana,2010,4,,,,,,,,,,,,,,,,,,,,,,,,
Ghana,2011,4,,,,,,,,,,,,,,,,,,,,,,,,
Ghana,2012,4,,,,,,,,,,,,,,,,,,,,,,,,
Ghana,2013,4,,,,,,,,,,,,,,,,,,,,,,,,
Ghana,2014,3.5,,,,,,,,,,,,,,,,,,,,,,,,
Ghana,2015,3.5,,,,,,,,,,,,,,,,,,,,,,,,
Ghana,2016,3,,,,,,,,,,,,,,,,,,,,,,,,
Ghana,2017,3.5,,,,,,,,,,,,,,,,,,,,,,,,
Ghana,2018,3.5,,,,,,,,,,,,,,,,,,,,,,,,
Ghana,2019,3.5,,,,,,,,,,,,,,,,,,,,,,,,
Ghana,2020,3.5,,,,,,,,,,,,,,,,,,,,,,,,
Ghana,2021,3.5,,,,,,,,,,,,,,,,,,,,,,,,
Ghana,2022,3.5,,,,,,,,,,,,,,,,,,,,,,,,
Guinea,2000,2.5,,,,,,,,,,,,,,,,,,,,,,,,
Guinea,2001,2.5,,,,,,,,,,,,,,,,,,,,,,,,
Guinea,2002,2.5,,,,,,,,,,,,,,,,,,,,,,,,
Guinea,2003,2.5,,,,,,,,,,,,,,,,,,,,,,,,
Guinea,2004,2.5,,,,,,,,,,,,,,,,,,,,,,,,
Guinea,2005,2.5,,,,,,,,,,,,,,,,,,,,,,,,
Guinea,2006,2.5,,,,,,,,,,,,,,,,,,,,,,,,
Guinea,2007,2.5,,,,,,,,,,,,,,,,,,,,,,,,
Guinea,2008,2.5,,,,,,,,,,,,,,,,,,,,,,,,
Guinea,2009,2.5,,,,,,,,,,,,,,,,,,,,,,,,
Guinea,2010,2,,,,,,,,,,,,,,,,,,,,,,,,
Guinea,2011,2,,,,,,,,,,,,,,,,,,,,,,,,
Guinea,2012,2,,,,,,,,,,,,,,,,,,,,,,,,
Guinea,2013,2,,,,,,,,,,,,,,,,,,,,,,,,
Guinea,2014,2,,,,,,,,,,,,,,,,,,,,,,,,
Guinea,2015,2.5,,,,,,,,,,,,,,,,,,,,,,,,
Guinea,2016,2.5,,,,,,,,,,,,,,,,,,,,,,,,
Guinea,2017,2.5,,,,,,,,,,,,,,,,,,,,,,,,
Guinea,2018,NA,,,,,,,,,,,,,,,,,,,,,,,,
Guinea,2019,NA,,,,,,,,,,,,,,,,,,,,,,,,
Guinea,2020,NA,,,,,,,,,,,,,,,,,,,,,,,,
Guinea,2021,NA,,,,,,,,,,,,,,,,,,,,,,,,
Guinea,2022,NA,,,,,,,,,,,,,,,,,,,,,,,,
Guinea-Bissau,2000,NA,,,,,,,,,,,,,,,,,,,,,,,,
Guinea-Bissau,2001,NA,,,,,,,,,,,,,,,,,,,,,,,,
Guinea-Bissau,2002,NA,,,,,,,,,,,,,,,,,,,,,,,,
Guinea-Bissau,2003,NA,,,,,,,,,,,,,,,,,,,,,,,,
Guinea-Bissau,2004,NA,,,,,,,,,,,,,,,,,,,,,,,,
Guinea-Bissau,2005,2.5,,,,,,,,,,,,,,,,,,,,,,,,
Guinea-Bissau,2006,2.5,,,,,,,,,,,,,,,,,,,,,,,,
Guinea-Bissau,2007,2.5,,,,,,,,,,,,,,,,,,,,,,,,
Guinea-Bissau,2008,2.5,,,,,,,,,,,,,,,,,,,,,,,,
Guinea-Bissau,2009,2.5,,,,,,,,,,,,,,,,,,,,,,,,
Guinea-Bissau,2010,2.5,,,,,,,,,,,,,,,,,,,,,,,,
Guinea-Bissau,2011,2.5,,,,,,,,,,,,,,,,,,,,,,,,
Guinea-Bissau,2012,2,,,,,,,,,,,,,,,,,,,,,,,,
Guinea-Bissau,2013,2,,,,,,,,,,,,,,,,,,,,,,,,
Guinea-Bissau,2014,2,,,,,,,,,,,,,,,,,,,,,,,,
Guinea-Bissau,2015,2,,,,,,,,,,,,,,,,,,,,,,,,
Guinea-Bissau,2016,2,,,,,,,,,,,,,,,,,,,,,,,,
Guinea-Bissau,2017,1.5,,,,,,,,,,,,,,,,,,,,,,,,
Guinea-Bissau,2018,1.5,,,,,,,,,,,,,,,,,,,,,,,,
Guinea-Bissau,2019,1.5,,,,,,,,,,,,,,,,,,,,,,,,
Guinea-Bissau,2020,1.5,,,,,,,,,,,,,,,,,,,,,,,,
Guinea-Bissau,2021,1.5,,,,,,,,,,,,,,,,,,,,,,,,
Guinea-Bissau,2022,1.5,,,,,,,,,,,,,,,,,,,,,,,,
Kenya,2000,NA,,,,,,,,,,,,,,,,,,,,,,,,
Kenya,2001,NA,,,,,,,,,,,,,,,,,,,,,,,,
Kenya,2002,NA,,,,,,,,,,,,,,,,,,,,,,,,
Kenya,2003,NA,,,,,,,,,,,,,,,,,,,,,,,,
Kenya,2004,NA,,,,,,,,,,,,,,,,,,,,,,,,
Kenya,2005,3,,,,,,,,,,,,,,,,,,,,,,,,
Kenya,2006,3,,,,,,,,,,,,,,,,,,,,,,,,
Kenya,2007,3,,,,,,,,,,,,,,,,,,,,,,,,
Kenya,2008,3,,,,,,,,,,,,,,,,,,,,,,,,
Kenya,2009,3,,,,,,,,,,,,,,,,,,,,,,,,
Kenya,2010,3,,,,,,,,,,,,,,,,,,,,,,,,
Kenya,2011,3,,,,,,,,,,,,,,,,,,,,,,,,
Kenya,2012,3,,,,,,,,,,,,,,,,,,,,,,,,
Kenya,2013,3,,,,,,,,,,,,,,,,,,,,,,,,
Kenya,2014,3,,,,,,,,,,,,,,,,,,,,,,,,
Kenya,2015,3,,,,,,,,,,,,,,,,,,,,,,,,
Kenya,2016,3,,,,,,,,,,,,,,,,,,,,,,,,
Kenya,2017,3,,,,,,,,,,,,,,,,,,,,,,,,
Kenya,2018,3,,,,,,,,,,,,,,,,,,,,,,,,
Kenya,2019,3,,,,,,,,,,,,,,,,,,,,,,,,
Kenya,2020,3,,,,,,,,,,,,,,,,,,,,,,,,
Kenya,2021,3.5,,,,,,,,,,,,,,,,,,,,,,,,
Kenya,2022,3.5,,,,,,,,,,,,,,,,,,,,,,,,
Liberia,2000,NA,,,,,,,,,,,,,,,,,,,,,,,,
Liberia,2001,NA,,,,,,,,,,,,,,,,,,,,,,,,
Liberia,2002,NA,,,,,,,,,,,,,,,,,,,,,,,,
Liberia,2003,NA,,,,,,,,,,,,,,,,,,,,,,,,
Liberia,2004,NA,,,,,,,,,,,,,,,,,,,,,,,,
Liberia,2005,NA,,,,,,,,,,,,,,,,,,,,,,,,
Liberia,2006,NA,,,,,,,,,,,,,,,,,,,,,,,,
Liberia,2007,NA,,,,,,,,,,,,,,,,,,,,,,,,
Liberia,2008,NA,,,,,,,,,,,,,,,,,,,,,,,,
Liberia,2009,3,,,,,,,,,,,,,,,,,,,,,,,,
Liberia,2010,3,,,,,,,,,,,,,,,,,,,,,,,,
Liberia,2011,3,,,,,,,,,,,,,,,,,,,,,,,,
Liberia,2012,3,,,,,,,,,,,,,,,,,,,,,,,,
Liberia,2013,3,,,,,,,,,,,,,,,,,,,,,,,,
Liberia,2014,3,,,,,,,,,,,,,,,,,,,,,,,,
Liberia,2015,3,,,,,,,,,,,,,,,,,,,,,,,,
Liberia,2016,3,,,,,,,,,,,,,,,,,,,,,,,,
Liberia,2017,3,,,,,,,,,,,,,,,,,,,,,,,,
Liberia,2018,2.5,,,,,,,,,,,,,,,,,,,,,,,,
Liberia,2019,2.5,,,,,,,,,,,,,,,,,,,,,,,,
Liberia,2020,2.5,,,,,,,,,,,,,,,,,,,,,,,,
Liberia,2021,2.5,,,,,,,,,,,,,,,,,,,,,,,,
Liberia,2022,2.5,,,,,,,,,,,,,,,,,,,,,,,,
Libya,2000,NA,,,,,,,,,,,,,,,,,,,,,,,,
Libya,2001,NA,,,,,,,,,,,,,,,,,,,,,,,,
Libya,2002,NA,,,,,,,,,,,,,,,,,,,,,,,,
Libya,2003,NA,,,,,,,,,,,,,,,,,,,,,,,,
Libya,2004,NA,,,,,,,,,,,,,,,,,,,,,,,,
Libya,2005,NA,,,,,,,,,,,,,,,,,,,,,,,,
Libya,2006,NA,,,,,,,,,,,,,,,,,,,,,,,,
Libya,2007,NA,,,,,,,,,,,,,,,,,,,,,,,,
Libya,2008,NA,,,,,,,,,,,,,,,,,,,,,,,,
Libya,2009,NA,,,,,,,,,,,,,,,,,,,,,,,,
Libya,2010,NA,,,,,,,,,,,,,,,,,,,,,,,,
Libya,2011,NA,,,,,,,,,,,,,,,,,,,,,,,,
Libya,2012,NA,,,,,,,,,,,,,,,,,,,,,,,,
Libya,2013,NA,,,,,,,,,,,,,,,,,,,,,,,,
Libya,2014,NA,,,,,,,,,,,,,,,,,,,,,,,,
Libya,2015,NA,,,,,,,,,,,,,,,,,,,,,,,,
Libya,2016,NA,,,,,,,,,,,,,,,,,,,,,,,,
Libya,2017,NA,,,,,,,,,,,,,,,,,,,,,,,,
Libya,2018,NA,,,,,,,,,,,,,,,,,,,,,,,,
Libya,2019,NA,,,,,,,,,,,,,,,,,,,,,,,,
Libya,2020,NA,,,,,,,,,,,,,,,,,,,,,,,,
Libya,2021,NA,,,,,,,,,,,,,,,,,,,,,,,,
Libya,2022,NA,,,,,,,,,,,,,,,,,,,,,,,,
Madagascar,2000,NA,,,,,,,,,,,,,,,,,,,,,,,,
Madagascar,2001,NA,,,,,,,,,,,,,,,,,,,,,,,,
Madagascar,2002,NA,,,,,,,,,,,,,,,,,,,,,,,,
Madagascar,2003,NA,,,,,,,,,,,,,,,,,,,,,,,,
Madagascar,2004,NA,,,,,,,,,,,,,,,,,,,,,,,,
Madagascar,2005,3.5,,,,,,,,,,,,,,,,,,,,,,,,
Madagascar,2006,3.5,,,,,,,,,,,,,,,,,,,,,,,,
Madagascar,2007,3.5,,,,,,,,,,,,,,,,,,,,,,,,
Madagascar,2008,3.5,,,,,,,,,,,,,,,,,,,,,,,,
Madagascar,2009,2.5,,,,,,,,,,,,,,,,,,,,,,,,
Madagascar,2010,2.5,,,,,,,,,,,,,,,,,,,,,,,,
Madagascar,2011,2.5,,,,,,,,,,,,,,,,,,,,,,,,
Madagascar,2012,2.5,,,,,,,,,,,,,,,,,,,,,,,,
Madagascar,2013,2,,,,,,,,,,,,,,,,,,,,,,,,
Madagascar,2014,2.5,,,,,,,,,,,,,,,,,,,,,,,,
Madagascar,2015,2.5,,,,,,,,,,,,,,,,,,,,,,,,
Madagascar,2016,2.5,,,,,,,,,,,,,,,,,,,,,,,,
Madagascar,2017,2.5,,,,,,,,,,,,,,,,,,,,,,,,
Madagascar,2018,2.5,,,,,,,,,,,,,,,,,,,,,,,,
Madagascar,2019,2.5,,,,,,,,,,,,,,,,,,,,,,,,
Madagascar,2020,2.5,,,,,,,,,,,,,,,,,,,,,,,,
Madagascar,2021,2.5,,,,,,,,,,,,,,,,,,,,,,,,
Madagascar,2022,2.5,,,,,,,,,,,,,,,,,,,,,,,,
Malawi,2000,NA,,,,,,,,,,,,,,,,,,,,,,,,
Malawi,2001,NA,,,,,,,,,,,,,,,,,,,,,,,,
Malawi,2002,NA,,,,,,,,,,,,,,,,,,,,,,,,
Malawi,2003,NA,,,,,,,,,,,,,,,,,,,,,,,,
Malawi,2004,NA,,,,,,,,,,,,,,,,,,,,,,,,
Malawi,2005,3,,,,,,,,,,,,,,,,,,,,,,,,
Malawi,2006,3,,,,,,,,,,,,,,,,,,,,,,,,
Malawi,2007,3,,,,,,,,,,,,,,,,,,,,,,,,
Malawi,2008,3,,,,,,,,,,,,,,,,,,,,,,,,
Malawi,2009,3,,,,,,,,,,,,,,,,,,,,,,,,
Malawi,2010,3,,,,,,,,,,,,,,,,,,,,,,,,
Malawi,2011,3,,,,,,,,,,,,,,,,,,,,,,,,
Malawi,2012,3,,,,,,,,,,,,,,,,,,,,,,,,
Malawi,2013,2.5,,,,,,,,,,,,,,,,,,,,,,,,
Malawi,2014,2.5,,,,,,,,,,,,,,,,,,,,,,,,
Malawi,2015,2.5,,,,,,,,,,,,,,,,,,,,,,,,
Malawi,2016,2.5,,,,,,,,,,,,,,,,,,,,,,,,
Malawi,2017,2.5,,,,,,,,,,,,,,,,,,,,,,,,
Malawi,2018,2.5,,,,,,,,,,,,,,,,,,,,,,,,
Malawi,2019,2.5,,,,,,,,,,,,,,,,,,,,,,,,
Malawi,2020,3,,,,,,,,,,,,,,,,,,,,,,,,
Malawi,2021,3,,,,,,,,,,,,,,,,,,,,,,,,
Malawi,2022,3,,,,,,,,,,,,,,,,,,,,,,,,
Mali,2000,NA,,,,,,,,,,,,,,,,,,,,,,,,
Mali,2001,NA,,,,,,,,,,,,,,,,,,,,,,,,
Mali,2002,NA,,,,,,,,,,,,,,,,,,,,,,,,
Mali,2003,NA,,,,,,,,,,,,,,,,,,,,,,,,
Mali,2004,NA,,,,,,,,,,,,,,,,,,,,,,,,
Mali,2005,3.5,,,,,,,,,,,,,,,,,,,,,,,,
Mali,2006,3.5,,,,,,,,,,,,,,,,,,,,,,,,
Mali,2007,3.5,,,,,,,,,,,,,,,,,,,,,,,,
Mali,2008,3.5,,,,,,,,,,,,,,,,,,,,,,,,
Mali,2009,3.5,,,,,,,,,,,,,,,,,,,,,,,,
Mali,2010,3.5,,,,,,,,,,,,,,,,,,,,,,,,
Mali,2011,3.5,,,,,,,,,,,,,,,,,,,,,,,,
Mali,2012,3,,,,,,,,,,,,,,,,,,,,,,,,
Mali,2013,3,,,,,,,,,,,,,,,,,,,,,,,,
Mali,2014,3,,,,,,,,,,,,,,,,,,,,,,,,
Mali,2015,3,,,,,,,,,,,,,,,,,,,,,,,,
Mali,2016,3,,,,,,,,,,,,,,,,,,,,,,,,
Mali,2017,3,,,,,,,,,,,,,,,,,,,,,,,,
Mali,2018,3,,,,,,,,,,,,,,,,,,,,,,,,
Mali,2019,3,,,,,,,,,,,,,,,,,,,,,,,,
Mali,2020,2.5,,,,,,,,,,,,,,,,,,,,,,,,
Mali,2021,2.5,,,,,,,,,,,,,,,,,,,,,,,,
Mali,2022,2.5,,,,,,,,,,,,,,,,,,,,,,,,
Mauritania,2000,NA,,,,,,,,,,,,,,,,,,,,,,,,
Mauritania,2001,NA,,,,,,,,,,,,,,,,,,,,,,,,
Mauritania,2002,NA,,,,,,,,,,,,,,,,,,,,,,,,
Mauritania,2003,NA,,,,,,,,,,,,,,,,,,,,,,,,
Mauritania,2004,NA,,,,,,,,,,,,,,,,,,,,,,,,
Mauritania,2005,2.5,,,,,,,,,,,,,,,,,,,,,,,,
Mauritania,2006,2.5,,,,,,,,,,,,,,,,,,,,,,,,
Mauritania,2007,3,,,,,,,,,,,,,,,,,,,,,,,,
Mauritania,2008,2.5,,,,,,,,,,,,,,,,,,,,,,,,
Mauritania,2009,2.5,,,,,,,,,,,,,,,,,,,,,,,,
Mauritania,2010,2.5,,,,,,,,,,,,,,,,,,,,,,,,
Mauritania,2011,2.5,,,,,,,,,,,,,,,,,,,,,,,,
Mauritania,2012,2.5,,,,,,,,,,,,,,,,,,,,,,,,
Mauritania,2013,2.5,,,,,,,,,,,,,,,,,,,,,,,,
Mauritania,2014,3,,,,,,,,,,,,,,,,,,,,,,,,
Mauritania,2015,3,,,,,,,,,,,,,,,,,,,,,,,,
Mauritania,2016,3,,,,,,,,,,,,,,,,,,,,,,,,
Mauritania,2017,3,,,,,,,,,,,,,,,,,,,,,,,,
Mauritania,2018,3,,,,,,,,,,,,,,,,,,,,,,,,
Mauritania,2019,3,,,,,,,,,,,,,,,,,,,,,,,,
Mauritania,2020,3,,,,,,,,,,,,,,,,,,,,,,,,
Mauritania,2021,3,,,,,,,,,,,,,,,,,,,,,,,,
Mauritania,2022,3,,,,,,,,,,,,,,,,,,,,,,,,
Mauritius,2000,NA,,,,,,,,,,,,,,,,,,,,,,,,
Mauritius,2001,NA,,,,,,,,,,,,,,,,,,,,,,,,
Mauritius,2002,NA,,,,,,,,,,,,,,,,,,,,,,,,
Mauritius,2003,NA,,,,,,,,,,,,,,,,,,,,,,,,
Mauritius,2004,NA,,,,,,,,,,,,,,,,,,,,,,,,
Mauritius,2005,NA,,,,,,,,,,,,,,,,,,,,,,,,
Mauritius,2006,NA,,,,,,,,,,,,,,,,,,,,,,,,
Mauritius,2007,NA,,,,,,,,,,,,,,,,,,,,,,,,
Mauritius,2008,NA,,,,,,,,,,,,,,,,,,,,,,,,
Mauritius,2009,NA,,,,,,,,,,,,,,,,,,,,,,,,
Mauritius,2010,NA,,,,,,,,,,,,,,,,,,,,,,,,
Mauritius,2011,NA,,,,,,,,,,,,,,,,,,,,,,,,
Mauritius,2012,NA,,,,,,,,,,,,,,,,,,,,,,,,
Mauritius,2013,NA,,,,,,,,,,,,,,,,,,,,,,,,
Mauritius,2014,NA,,,,,,,,,,,,,,,,,,,,,,,,
Mauritius,2015,NA,,,,,,,,,,,,,,,,,,,,,,,,
Mauritius,2016,NA,,,,,,,,,,,,,,,,,,,,,,,,
Mauritius,2017,NA,,,,,,,,,,,,,,,,,,,,,,,,
Mauritius,2018,NA,,,,,,,,,,,,,,,,,,,,,,,,
Mauritius,2019,NA,,,,,,,,,,,,,,,,,,,,,,,,
Mauritius,2020,NA,,,,,,,,,,,,,,,,,,,,,,,,
Mauritius,2021,NA,,,,,,,,,,,,,,,,,,,,,,,,
Mauritius,2022,NA,,,,,,,,,,,,,,,,,,,,,,,,
Morocco,2000,NA,,,,,,,,,,,,,,,,,,,,,,,,
Morocco,2001,NA,,,,,,,,,,,,,,,,,,,,,,,,
Morocco,2002,NA,,,,,,,,,,,,,,,,,,,,,,,,
Morocco,2003,NA,,,,,,,,,,,,,,,,,,,,,,,,
Morocco,2004,NA,,,,,,,,,,,,,,,,,,,,,,,,
Morocco,2005,NA,,,,,,,,,,,,,,,,,,,,,,,,
Morocco,2006,NA,,,,,,,,,,,,,,,,,,,,,,,,
Morocco,2007,NA,,,,,,,,,,,,,,,,,,,,,,,,
Morocco,2008,NA,,,,,,,,,,,,,,,,,,,,,,,,
Morocco,2009,NA,,,,,,,,,,,,,,,,,,,,,,,,
Morocco,2010,NA,,,,,,,,,,,,,,,,,,,,,,,,
Morocco,2011,NA,,,,,,,,,,,,,,,,,,,,,,,,
Morocco,2012,NA,,,,,,,,,,,,,,,,,,,,,,,,
Morocco,2013,NA,,,,,,,,,,,,,,,,,,,,,,,,
Morocco,2014,NA,,,,,,,,,,,,,,,,,,,,,,,,
Morocco,2015,NA,,,,,,,,,,,,,,,,,,,,,,,,
Morocco,2016,NA,,,,,,,,,,,,,,,,,,,,,,,,
Morocco,2017,NA,,,,,,,,,,,,,,,,,,,,,,,,
Morocco,2018,NA,,,,,,,,,,,,,,,,,,,,,,,,
Morocco,2019,NA,,,,,,,,,,,,,,,,,,,,,,,,
Morocco,2020,NA,,,,,,,,,,,,,,,,,,,,,,,,
Morocco,2021,NA,,,,,,,,,,,,,,,,,,,,,,,,
Morocco,2022,NA,,,,,,,,,,,,,,,,,,,,,,,,
Mozambique,2000,NA,,,,,,,,,,,,,,,,,,,,,,,,
Mozambique,2001,NA,,,,,,,,,,,,,,,,,,,,,,,,
Mozambique,2002,NA,,,,,,,,,,,,,,,,,,,,,,,,
Mozambique,2003,NA,,,,,,,,,,,,,,,,,,,,,,,,
Mozambique,2004,NA,,,,,,,,,,,,,,,,,,,,,,,,
Mozambique,2005,3,,,,,,,,,,,,,,,,,,,,,,,,
Mozambique,2006,3,,,,,,,,,,,,,,,,,,,,,,,,
Mozambique,2007,3,,,,,,,,,,,,,,,,,,,,,,,,
Mozambique,2008,3,,,,,,,,,,,,,,,,,,,,,,,,
Mozambique,2009,3,,,,,,,,,,,,,,,,,,,,,,,,
Mozambique,2010,3,,,,,,,,,,,,,,,,,,,,,,,,
Mozambique,2011,3,,,,,,,,,,,,,,,,,,,,,,,,
Mozambique,2012,3,,,,,,,,,,,,,,,,,,,,,,,,
Mozambique,2013,3,,,,,,,,,,,,,,,,,,,,,,,,
Mozambique,2014,3,,,,,,,,,,,,,,,,,,,,,,,,
Mozambique,2015,2.5,,,,,,,,,,,,,,,,,,,,,,,,
Mozambique,2016,2.5,,,,,,,,,,,,,,,,,,,,,,,,
Mozambique,2017,2.5,,,,,,,,,,,,,,,,,,,,,,,,
Mozambique,2018,2.5,,,,,,,,,,,,,,,,,,,,,,,,
Mozambique,2019,2.5,,,,,,,,,,,,,,,,,,,,,,,,
Mozambique,2020,2,,,,,,,,,,,,,,,,,,,,,,,,
Mozambique,2021,2,,,,,,,,,,,,,,,,,,,,,,,,
Mozambique,2022,2,,,,,,,,,,,,,,,,,,,,,,,,
Namibia,2000,NA,,,,,,,,,,,,,,,,,,,,,,,,
Namibia,2001,NA,,,,,,,,,,,,,,,,,,,,,,,,
Namibia,2002,NA,,,,,,,,,,,,,,,,,,,,,,,,
Namibia,2003,NA,,,,,,,,,,,,,,,,,,,,,,,,
Namibia,2004,NA,,,,,,,,,,,,,,,,,,,,,,,,
Namibia,2005,NA,,,,,,,,,,,,,,,,,,,,,,,,
Namibia,2006,NA,,,,,,,,,,,,,,,,,,,,,,,,
Namibia,2007,NA,,,,,,,,,,,,,,,,,,,,,,,,
Namibia,2008,NA,,,,,,,,,,,,,,,,,,,,,,,,
Namibia,2009,NA,,,,,,,,,,,,,,,,,,,,,,,,
Namibia,2010,NA,,,,,,,,,,,,,,,,,,,,,,,,
Namibia,2011,NA,,,,,,,,,,,,,,,,,,,,,,,,
Namibia,2012,NA,,,,,,,,,,,,,,,,,,,,,,,,
Namibia,2013,NA,,,,,,,,,,,,,,,,,,,,,,,,
Namibia,2014,NA,,,,,,,,,,,,,,,,,,,,,,,,
Namibia,2015,NA,,,,,,,,,,,,,,,,,,,,,,,,
Namibia,2016,NA,,,,,,,,,,,,,,,,,,,,,,,,
Namibia,2017,NA,,,,,,,,,,,,,,,,,,,,,,,,
Namibia,2018,NA,,,,,,,,,,,,,,,,,,,,,,,,
Namibia,2019,NA,,,,,,,,,,,,,,,,,,,,,,,,
Namibia,2020,NA,,,,,,,,,,,,,,,,,,,,,,,,
Namibia,2021,NA,,,,,,,,,,,,,,,,,,,,,,,,
Namibia,2022,NA,,,,,,,,,,,,,,,,,,,,,,,,
Niger,2000,NA,,,,,,,,,,,,,,,,,,,,,,,,
Niger,2001,NA,,,,,,,,,,,,,,,,,,,,,,,,
Niger,2002,NA,,,,,,,,,,,,,,,,,,,,,,,,
Niger,2003,NA,,,,,,,,,,,,,,,,,,,,,,,,
Niger,2004,NA,,,,,,,,,,,,,,,,,,,,,,,,
Niger,2005,3,,,,,,,,,,,,,,,,,,,,,,,,
Niger,2006,3,,,,,,,,,,,,,,,,,,,,,,,,
Niger,2007,3,,,,,,,,,,,,,,,,,,,,,,,,
Niger,2008,3,,,,,,,,,,,,,,,,,,,,,,,,
Niger,2009,2.5,,,,,,,,,,,,,,,,,,,,,,,,
Niger,2010,3,,,,,,,,,,,,,,,,,,,,,,,,
Niger,2011,3,,,,,,,,,,,,,,,,,,,,,,,,
Niger,2012,3,,,,,,,,,,,,,,,,,,,,,,,,
Niger,2013,3,,,,,,,,,,,,,,,,,,,,,,,,
Niger,2014,3,,,,,,,,,,,,,,,,,,,,,,,,
Niger,2015,3,,,,,,,,,,,,,,,,,,,,,,,,
Niger,2016,3,,,,,,,,,,,,,,,,,,,,,,,,
Niger,2017,3,,,,,,,,,,,,,,,,,,,,,,,,
Niger,2018,3,,,,,,,,,,,,,,,,,,,,,,,,
Niger,2019,3,,,,,,,,,,,,,,,,,,,,,,,,
Niger,2020,3,,,,,,,,,,,,,,,,,,,,,,,,
Niger,2021,3,,,,,,,,,,,,,,,,,,,,,,,,
Niger,2022,3,,,,,,,,,,,,,,,,,,,,,,,,
Nigeria,2000,NA,,,,,,,,,,,,,,,,,,,,,,,,
Nigeria,2001,NA,,,,,,,,,,,,,,,,,,,,,,,,
Nigeria,2002,NA,,,,,,,,,,,,,,,,,,,,,,,,
Nigeria,2003,NA,,,,,,,,,,,,,,,,,,,,,,,,
Nigeria,2004,NA,,,,,,,,,,,,,,,,,,,,,,,,
Nigeria,2005,3,,,,,,,,,,,,,,,,,,,,,,,,
Nigeria,2006,3,,,,,,,,,,,,,,,,,,,,,,,,
Nigeria,2007,3,,,,,,,,,,,,,,,,,,,,,,,,
Nigeria,2008,3,,,,,,,,,,,,,,,,,,,,,,,,
Nigeria,2009,3,,,,,,,,,,,,,,,,,,,,,,,,
Nigeria,2010,3,,,,,,,,,,,,,,,,,,,,,,,,
Nigeria,2011,3,,,,,,,,,,,,,,,,,,,,,,,,
Nigeria,2012,3,,,,,,,,,,,,,,,,,,,,,,,,
Nigeria,2013,3,,,,,,,,,,,,,,,,,,,,,,,,
Nigeria,2014,3,,,,,,,,,,,,,,,,,,,,,,,,
Nigeria,2015,3,,,,,,,,,,,,,,,,,,,,,,,,
Nigeria,2016,3,,,,,,,,,,,,,,,,,,,,,,,,
Nigeria,2017,3,,,,,,,,,,,,,,,,,,,,,,,,
Nigeria,2018,3,,,,,,,,,,,,,,,,,,,,,,,,
Nigeria,2019,3,,,,,,,,,,,,,,,,,,,,,,,,
Nigeria,2020,3,,,,,,,,,,,,,,,,,,,,,,,,
Nigeria,2021,3,,,,,,,,,,,,,,,,,,,,,,,,
Nigeria,2022,3,,,,,,,,,,,,,,,,,,,,,,,,
Rwanda,2000,NA,,,,,,,,,,,,,,,,,,,,,,,,
Rwanda,2001,NA,,,,,,,,,,,,,,,,,,,,,,,,
Rwanda,2002,NA,,,,,,,,,,,,,,,,,,,,,,,,
Rwanda,2003,NA,,,,,,,,,,,,,,,,,,,,,,,,
Rwanda,2004,NA,,,,,,,,,,,,,,,,,,,,,,,,
Rwanda,2005,3,,,,,,,,,,,,,,,,,,,,,,,,
Rwanda,2006,3,,,,,,,,,,,,,,,,,,,,,,,,
Rwanda,2007,3.5,,,,,,,,,,,,,,,,,,,,,,,,
Rwanda,2008,3.5,,,,,,,,,,,,,,,,,,,,,,,,
Rwanda,2009,3.5,,,,,,,,,,,,,,,,,,,,,,,,
Rwanda,2010,3.5,,,,,,,,,,,,,,,,,,,,,,,,
Rwanda,2011,3.5,,,,,,,,,,,,,,,,,,,,,,,,
Rwanda,2012,3.5,,,,,,,,,,,,,,,,,,,,,,,,
Rwanda,2013,3.5,,,,,,,,,,,,,,,,,,,,,,,,
Rwanda,2014,3.5,,,,,,,,,,,,,,,,,,,,,,,,
Rwanda,2015,3.5,,,,,,,,,,,,,,,,,,,,,,,,
Rwanda,2016,3.5,,,,,,,,,,,,,,,,,,,,,,,,
Rwanda,2017,3.5,,,,,,,,,,,,,,,,,,,,,,,,
Rwanda,2018,3.5,,,,,,,,,,,,,,,,,,,,,,,,
Rwanda,2019,3.5,,,,,,,,,,,,,,,,,,,,,,,,
Rwanda,2020,3.5,,,,,,,,,,,,,,,,,,,,,,,,
Rwanda,2021,3.5,,,,,,,,,,,,,,,,,,,,,,,,
Rwanda,2022,3.5,,,,,,,,,,,,,,,,,,,,,,,,
Sao Tome and Principe,2000,NA,,,,,,,,,,,,,,,,,,,,,,,,
Sao Tome and Principe,2001,NA,,,,,,,,,,,,,,,,,,,,,,,,
Sao Tome and Principe,2002,NA,,,,,,,,,,,,,,,,,,,,,,,,
Sao Tome and Principe,2003,NA,,,,,,,,,,,,,,,,,,,,,,,,
Sao Tome and Principe,2004,NA,,,,,,,,,,,,,,,,,,,,,,,,
Sao Tome and Principe,2005,3.5,,,,,,,,,,,,,,,,,,,,,,,,
Sao Tome and Principe,2006,3.5,,,,,,,,,,,,,,,,,,,,,,,,
Sao Tome and Principe,2007,3.5,,,,,,,,,,,,,,,,,,,,,,,,
Sao Tome and Principe,2008,3.5,,,,,,,,,,,,,,,,,,,,,,,,
Sao Tome and Principe,2009,3.5,,,,,,,,,,,,,,,,,,,,,,,,
Sao Tome and Principe,2010,3.5,,,,,,,,,,,,,,,,,,,,,,,,
Sao Tome and Principe,2011,3.5,,,,,,,,,,,,,,,,,,,,,,,,
Sao Tome and Principe,2012,3.5,,,,,,,,,,,,,,,,,,,,,,,,
Sao Tome and Principe,2013,3.5,,,,,,,,,,,,,,,,,,,,,,,,
Sao Tome and Principe,2014,3.5,,,,,,,,,,,,,,,,,,,,,,,,
Sao Tome and Principe,2015,3.5,,,,,,,,,,,,,,,,,,,,,,,,
Sao Tome and Principe,2016,3.5,,,,,,,,,,,,,,,,,,,,,,,,
Sao Tome and Principe,2017,3.5,,,,,,,,,,,,,,,,,,,,,,,,
Sao Tome and Principe,2018,3.5,,,,,,,,,,,,,,,,,,,,,,,,
Sao Tome and Principe,2019,3.5,,,,,,,,,,,,,,,,,,,,,,,,
Sao Tome and Principe,2020,3.5,,,,,,,,,,,,,,,,,,,,,,,,
Sao Tome and Principe,2021,3.5,,,,,,,,,,,,,,,,,,,,,,,,
Sao Tome and Principe,2022,3.5,,,,,,,,,,,,,,,,,,,,,,,,
Senegal,2000,NA,,,,,,,,,,,,,,,,,,,,,,,,
Senegal,2001,NA,,,,,,,,,,,,,,,,,,,,,,,,
Senegal,2002,NA,,,,,,,,,,,,,,,,,,,,,,,,
Senegal,2003,NA,,,,,,,,,,,,,,,,,,,,,,,,
Senegal,2004,NA,,,,,,,,,,,,,,,,,,,,,,,,
Senegal,2005,3,,,,,,,,,,,,,,,,,,,,,,,,
Senegal,2006,3,,,,,,,,,,,,,,,,,,,,,,,,
Senegal,2007,3,,,,,,,,,,,,,,,,,,,,,,,,
Senegal,2008,3,,,,,,,,,,,,,,,,,,,,,,,,
Senegal,2009,3,,,,,,,,,,,,,,,,,,,,,,,,
Senegal,2010,3,,,,,,,,,,,,,,,,,,,,,,,,
Senegal,2011,3.5,,,,,,,,,,,,,,,,,,,,,,,,
Senegal,2012,3.5,,,,,,,,,,,,,,,,,,,,,,,,
Senegal,2013,3.5,,,,,,,,,,,,,,,,,,,,,,,,
Senegal,2014,3.5,,,,,,,,,,,,,,,,,,,,,,,,
Senegal,2015,3.5,,,,,,,,,,,,,,,,,,,,,,,,
Senegal,2016,3.5,,,,,,,,,,,,,,,,,,,,,,,,
Senegal,2017,3.5,,,,,,,,,,,,,,,,,,,,,,,,
Senegal,2018,3.5,,,,,,,,,,,,,,,,,,,,,,,,
Senegal,2019,3.5,,,,,,,,,,,,,,,,,,,,,,,,
Senegal,2020,3.5,,,,,,,,,,,,,,,,,,,,,,,,
Senegal,2021,3.5,,,,,,,,,,,,,,,,,,,,,,,,
Senegal,2022,3.5,,,,,,,,,,,,,,,,,,,,,,,,
Seychelles,2000,NA,,,,,,,,,,,,,,,,,,,,,,,,
Seychelles,2001,NA,,,,,,,,,,,,,,,,,,,,,,,,
Seychelles,2002,NA,,,,,,,,,,,,,,,,,,,,,,,,
Seychelles,2003,NA,,,,,,,,,,,,,,,,,,,,,,,,
Seychelles,2004,NA,,,,,,,,,,,,,,,,,,,,,,,,
Seychelles,2005,NA,,,,,,,,,,,,,,,,,,,,,,,,
Seychelles,2006,NA,,,,,,,,,,,,,,,,,,,,,,,,
Seychelles,2007,NA,,,,,,,,,,,,,,,,,,,,,,,,
Seychelles,2008,NA,,,,,,,,,,,,,,,,,,,,,,,,
Seychelles,2009,NA,,,,,,,,,,,,,,,,,,,,,,,,
Seychelles,2010,NA,,,,,,,,,,,,,,,,,,,,,,,,
Seychelles,2011,NA,,,,,,,,,,,,,,,,,,,,,,,,
Seychelles,2012,NA,,,,,,,,,,,,,,,,,,,,,,,,
Seychelles,2013,NA,,,,,,,,,,,,,,,,,,,,,,,,
Seychelles,2014,NA,,,,,,,,,,,,,,,,,,,,,,,,
Seychelles,2015,NA,,,,,,,,,,,,,,,,,,,,,,,,
Seychelles,2016,NA,,,,,,,,,,,,,,,,,,,,,,,,
Seychelles,2017,NA,,,,,,,,,,,,,,,,,,,,,,,,
Seychelles,2018,NA,,,,,,,,,,,,,,,,,,,,,,,,
Seychelles,2019,NA,,,,,,,,,,,,,,,,,,,,,,,,
Seychelles,2020,NA,,,,,,,,,,,,,,,,,,,,,,,,
Seychelles,2021,NA,,,,,,,,,,,,,,,,,,,,,,,,
Seychelles,2022,NA,,,,,,,,,,,,,,,,,,,,,,,,
Sierra Leone,2000,NA,,,,,,,,,,,,,,,,,,,,,,,,
Sierra Leone,2001,NA,,,,,,,,,,,,,,,,,,,,,,,,
Sierra Leone,2002,NA,,,,,,,,,,,,,,,,,,,,,,,,
Sierra Leone,2003,NA,,,,,,,,,,,,,,,,,,,,,,,,
Sierra Leone,2004,NA,,,,,,,,,,,,,,,,,,,,,,,,
Sierra Leone,2005,2.5,,,,,,,,,,,,,,,,,,,,,,,,
Sierra Leone,2006,2.5,,,,,,,,,,,,,,,,,,,,,,,,
Sierra Leone,2007,2.5,,,,,,,,,,,,,,,,,,,,,,,,
Sierra Leone,2008,2.5,,,,,,,,,,,,,,,,,,,,,,,,
Sierra Leone,2009,3,,,,,,,,,,,,,,,,,,,,,,,,
Sierra Leone,2010,3,,,,,,,,,,,,,,,,,,,,,,,,
Sierra Leone,2011,3,,,,,,,,,,,,,,,,,,,,,,,,
Sierra Leone,2012,3,,,,,,,,,,,,,,,,,,,,,,,,
Sierra Leone,2013,3,,,,,,,,,,,,,,,,,,,,,,,,
Sierra Leone,2014,3,,,,,,,,,,,,,,,,,,,,,,,,
Sierra Leone,2015,3,,,,,,,,,,,,,,,,,,,,,,,,
Sierra Leone,2016,3,,,,,,,,,,,,,,,,,,,,,,,,
Sierra Leone,2017,3,,,,,,,,,,,,,,,,,,,,,,,,
Sierra Leone,2018,3,,,,,,,,,,,,,,,,,,,,,,,,
Sierra Leone,2019,3,,,,,,,,,,,,,,,,,,,,,,,,
Sierra Leone,2020,3,,,,,,,,,,,,,,,,,,,,,,,,
Sierra Leone,2021,3,,,,,,,,,,,,,,,,,,,,,,,,
Sierra Leone,2022,3,,,,,,,,,,,,,,,,,,,,,,,,
Somalia,2000,NA,,,,,,,,,,,,,,,,,,,,,,,,
Somalia,2001,NA,,,,,,,,,,,,,,,,,,,,,,,,
Somalia,2002,NA,,,,,,,,,,,,,,,,,,,,,,,,
Somalia,2003,NA,,,,,,,,,,,,,,,,,,,,,,,,
Somalia,2004,NA,,,,,,,,,,,,,,,,,,,,,,,,
Somalia,2005,NA,,,,,,,,,,,,,,,,,,,,,,,,
Somalia,2006,NA,,,,,,,,,,,,,,,,,,,,,,,,
Somalia,2007,NA,,,,,,,,,,,,,,,,,,,,,,,,
Somalia,2008,NA,,,,,,,,,,,,,,,,,,,,,,,,
Somalia,2009,NA,,,,,,,,,,,,,,,,,,,,,,,,
Somalia,2010,NA,,,,,,,,,,,,,,,,,,,,,,,,
Somalia,2011,NA,,,,,,,,,,,,,,,,,,,,,,,,
Somalia,2012,NA,,,,,,,,,,,,,,,,,,,,,,,,
Somalia,2013,NA,,,,,,,,,,,,,,,,,,,,,,,,
Somalia,2014,NA,,,,,,,,,,,,,,,,,,,,,,,,
Somalia,2015,NA,,,,,,,,,,,,,,,,,,,,,,,,
Somalia,2016,NA,,,,,,,,,,,,,,,,,,,,,,,,
Somalia,2017,1.5,,,,,,,,,,,,,,,,,,,,,,,,
Somalia,2018,NA,,,,,,,,,,,,,,,,,,,,,,,,
Somalia,2019,2,,,,,,,,,,,,,,,,,,,,,,,,
Somalia,2020,2,,,,,,,,,,,,,,,,,,,,,,,,
Somalia,2021,1.5,,,,,,,,,,,,,,,,,,,,,,,,
Somalia,2022,1.5,,,,,,,,,,,,,,,,,,,,,,,,
South Africa,2000,NA,,,,,,,,,,,,,,,,,,,,,,,,
South Africa,2001,NA,,,,,,,,,,,,,,,,,,,,,,,,
South Africa,2002,NA,,,,,,,,,,,,,,,,,,,,,,,,
South Africa,2003,NA,,,,,,,,,,,,,,,,,,,,,,,,
South Africa,2004,NA,,,,,,,,,,,,,,,,,,,,,,,,
South Africa,2005,NA,,,,,,,,,,,,,,,,,,,,,,,,
South Africa,2006,NA,,,,,,,,,,,,,,,,,,,,,,,,
South Africa,2007,NA,,,,,,,,,,,,,,,,,,,,,,,,
South Africa,2008,NA,,,,,,,,,,,,,,,,,,,,,,,,
South Africa,2009,NA,,,,,,,,,,,,,,,,,,,,,,,,
South Africa,2010,NA,,,,,,,,,,,,,,,,,,,,,,,,
South Africa,2011,NA,,,,,,,,,,,,,,,,,,,,,,,,
South Africa,2012,NA,,,,,,,,,,,,,,,,,,,,,,,,
South Africa,2013,NA,,,,,,,,,,,,,,,,,,,,,,,,
South Africa,2014,NA,,,,,,,,,,,,,,,,,,,,,,,,
South Africa,2015,NA,,,,,,,,,,,,,,,,,,,,,,,,
South Africa,2016,NA,,,,,,,,,,,,,,,,,,,,,,,,
South Africa,2017,NA,,,,,,,,,,,,,,,,,,,,,,,,
South Africa,2018,NA,,,,,,,,,,,,,,,,,,,,,,,,
South Africa,2019,NA,,,,,,,,,,,,,,,,,,,,,,,,
South Africa,2020,NA,,,,,,,,,,,,,,,,,,,,,,,,
South Africa,2021,NA,,,,,,,,,,,,,,,,,,,,,,,,
South Africa,2022,NA,,,,,,,,,,,,,,,,,,,,,,,,
South Sudan,2000,NA,,,,,,,,,,,,,,,,,,,,,,,,
South Sudan,2001,NA,,,,,,,,,,,,,,,,,,,,,,,,
South Sudan,2002,NA,,,,,,,,,,,,,,,,,,,,,,,,
South Sudan,2003,NA,,,,,,,,,,,,,,,,,,,,,,,,
South Sudan,2004,NA,,,,,,,,,,,,,,,,,,,,,,,,
South Sudan,2005,NA,,,,,,,,,,,,,,,,,,,,,,,,
South Sudan,2006,NA,,,,,,,,,,,,,,,,,,,,,,,,
South Sudan,2007,NA,,,,,,,,,,,,,,,,,,,,,,,,
South Sudan,2008,NA,,,,,,,,,,,,,,,,,,,,,,,,
South Sudan,2009,NA,,,,,,,,,,,,,,,,,,,,,,,,
South Sudan,2010,NA,,,,,,,,,,,,,,,,,,,,,,,,
South Sudan,2011,NA,,,,,,,,,,,,,,,,,,,,,,,,
South Sudan,2012,2,,,,,,,,,,,,,,,,,,,,,,,,
South Sudan,2013,2,,,,,,,,,,,,,,,,,,,,,,,,
South Sudan,2014,2,,,,,,,,,,,,,,,,,,,,,,,,
South Sudan,2015,1.5,,,,,,,,,,,,,,,,,,,,,,,,
South Sudan,2016,1.5,,,,,,,,,,,,,,,,,,,,,,,,
South Sudan,2017,1.5,,,,,,,,,,,,,,,,,,,,,,,,
South Sudan,2018,1.5,,,,,,,,,,,,,,,,,,,,,,,,
South Sudan,2019,1.5,,,,,,,,,,,,,,,,,,,,,,,,
South Sudan,2020,1.5,,,,,,,,,,,,,,,,,,,,,,,,
South Sudan,2021,1.5,,,,,,,,,,,,,,,,,,,,,,,,
South Sudan,2022,1.5,,,,,,,,,,,,,,,,,,,,,,,,
Sudan,2000,NA,,,,,,,,,,,,,,,,,,,,,,,,
Sudan,2001,NA,,,,,,,,,,,,,,,,,,,,,,,,
Sudan,2002,NA,,,,,,,,,,,,,,,,,,,,,,,,
Sudan,2003,NA,,,,,,,,,,,,,,,,,,,,,,,,
Sudan,2004,NA,,,,,,,,,,,,,,,,,,,,,,,,
Sudan,2005,2,,,,,,,,,,,,,,,,,,,,,,,,
Sudan,2006,2,,,,,,,,,,,,,,,,,,,,,,,,
Sudan,2007,2,,,,,,,,,,,,,,,,,,,,,,,,
Sudan,2008,2,,,,,,,,,,,,,,,,,,,,,,,,
Sudan,2009,1.5,,,,,,,,,,,,,,,,,,,,,,,,
Sudan,2010,1.5,,,,,,,,,,,,,,,,,,,,,,,,
Sudan,2011,1.5,,,,,,,,,,,,,,,,,,,,,,,,
Sudan,2012,1.5,,,,,,,,,,,,,,,,,,,,,,,,
Sudan,2013,1.5,,,,,,,,,,,,,,,,,,,,,,,,
Sudan,2014,1.5,,,,,,,,,,,,,,,,,,,,,,,,
Sudan,2015,1.5,,,,,,,,,,,,,,,,,,,,,,,,
Sudan,2016,1.5,,,,,,,,,,,,,,,,,,,,,,,,
Sudan,2017,1.5,,,,,,,,,,,,,,,,,,,,,,,,
Sudan,2018,1.5,,,,,,,,,,,,,,,,,,,,,,,,
Sudan,2019,1.5,,,,,,,,,,,,,,,,,,,,,,,,
Sudan,2020,1.5,,,,,,,,,,,,,,,,,,,,,,,,
Sudan,2021,1.5,,,,,,,,,,,,,,,,,,,,,,,,
Sudan,2022,1.5,,,,,,,,,,,,,,,,,,,,,,,,
Tanzania,2000,NA,,,,,,,,,,,,,,,,,,,,,,,,
Tanzania,2001,NA,,,,,,,,,,,,,,,,,,,,,,,,
Tanzania,2002,NA,,,,,,,,,,,,,,,,,,,,,,,,
Tanzania,2003,NA,,,,,,,,,,,,,,,,,,,,,,,,
Tanzania,2004,NA,,,,,,,,,,,,,,,,,,,,,,,,
Tanzania,2005,3.5,,,,,,,,,,,,,,,,,,,,,,,,
Tanzania,2006,3.5,,,,,,,,,,,,,,,,,,,,,,,,
Tanzania,2007,3.5,,,,,,,,,,,,,,,,,,,,,,,,
Tanzania,2008,3,,,,,,,,,,,,,,,,,,,,,,,,
Tanzania,2009,3,,,,,,,,,,,,,,,,,,,,,,,,
Tanzania,2010,2.5,,,,,,,,,,,,,,,,,,,,,,,,
Tanzania,2011,3,,,,,,,,,,,,,,,,,,,,,,,,
Tanzania,2012,3,,,,,,,,,,,,,,,,,,,,,,,,
Tanzania,2013,3,,,,,,,,,,,,,,,,,,,,,,,,
Tanzania,2014,3,,,,,,,,,,,,,,,,,,,,,,,,
Tanzania,2015,3,,,,,,,,,,,,,,,,,,,,,,,,
Tanzania,2016,3,,,,,,,,,,,,,,,,,,,,,,,,
Tanzania,2017,3,,,,,,,,,,,,,,,,,,,,,,,,
Tanzania,2018,2.5,,,,,,,,,,,,,,,,,,,,,,,,
Tanzania,2019,3,,,,,,,,,,,,,,,,,,,,,,,,
Tanzania,2020,3,,,,,,,,,,,,,,,,,,,,,,,,
Tanzania,2021,3,,,,,,,,,,,,,,,,,,,,,,,,
Tanzania,2022,3,,,,,,,,,,,,,,,,,,,,,,,,
Togo,2000,NA,,,,,,,,,,,,,,,,,,,,,,,,
Togo,2001,NA,,,,,,,,,,,,,,,,,,,,,,,,
Togo,2002,NA,,,,,,,,,,,,,,,,,,,,,,,,
Togo,2003,NA,,,,,,,,,,,,,,,,,,,,,,,,
Togo,2004,NA,,,,,,,,,,,,,,,,,,,,,,,,
Togo,2005,2,,,,,,,,,,,,,,,,,,,,,,,,
Togo,2006,2,,,,,,,,,,,,,,,,,,,,,,,,
Togo,2007,2,,,,,,,,,,,,,,,,,,,,,,,,
Togo,2008,2,,,,,,,,,,,,,,,,,,,,,,,,
Togo,2009,2,,,,,,,,,,,,,,,,,,,,,,,,
Togo,2010,2.5,,,,,,,,,,,,,,,,,,,,,,,,
Togo,2011,2.5,,,,,,,,,,,,,,,,,,,,,,,,
Togo,2012,2.5,,,,,,,,,,,,,,,,,,,,,,,,
Togo,2013,2.5,,,,,,,,,,,,,,,,,,,,,,,,
Togo,2014,2.5,,,,,,,,,,,,,,,,,,,,,,,,
Togo,2015,2.5,,,,,,,,,,,,,,,,,,,,,,,,
Togo,2016,2.5,,,,,,,,,,,,,,,,,,,,,,,,
Togo,2017,3,,,,,,,,,,,,,,,,,,,,,,,,
Togo,2018,3,,,,,,,,,,,,,,,,,,,,,,,,
Togo,2019,3,,,,,,,,,,,,,,,,,,,,,,,,
Togo,2020,3,,,,,,,,,,,,,,,,,,,,,,,,
Togo,2021,3,,,,,,,,,,,,,,,,,,,,,,,,
Togo,2022,3,,,,,,,,,,,,,,,,,,,,,,,,
Tunisia,2000,NA,,,,,,,,,,,,,,,,,,,,,,,,
Tunisia,2001,NA,,,,,,,,,,,,,,,,,,,,,,,,
Tunisia,2002,NA,,,,,,,,,,,,,,,,,,,,,,,,
Tunisia,2003,NA,,,,,,,,,,,,,,,,,,,,,,,,
Tunisia,2004,NA,,,,,,,,,,,,,,,,,,,,,,,,
Tunisia,2005,NA,,,,,,,,,,,,,,,,,,,,,,,,
Tunisia,2006,NA,,,,,,,,,,,,,,,,,,,,,,,,
Tunisia,2007,NA,,,,,,,,,,,,,,,,,,,,,,,,
Tunisia,2008,NA,,,,,,,,,,,,,,,,,,,,,,,,
Tunisia,2009,NA,,,,,,,,,,,,,,,,,,,,,,,,
Tunisia,2010,NA,,,,,,,,,,,,,,,,,,,,,,,,
Tunisia,2011,NA,,,,,,,,,,,,,,,,,,,,,,,,
Tunisia,2012,NA,,,,,,,,,,,,,,,,,,,,,,,,
Tunisia,2013,NA,,,,,,,,,,,,,,,,,,,,,,,,
Tunisia,2014,NA,,,,,,,,,,,,,,,,,,,,,,,,
Tunisia,2015,NA,,,,,,,,,,,,,,,,,,,,,,,,
Tunisia,2016,NA,,,,,,,,,,,,,,,,,,,,,,,,
Tunisia,2017,NA,,,,,,,,,,,,,,,,,,,,,,,,
Tunisia,2018,NA,,,,,,,,,,,,,,,,,,,,,,,,
Tunisia,2019,NA,,,,,,,,,,,,,,,,,,,,,,,,
Tunisia,2020,NA,,,,,,,,,,,,,,,,,,,,,,,,
Tunisia,2021,NA,,,,,,,,,,,,,,,,,,,,,,,,
Tunisia,2022,NA,,,,,,,,,,,,,,,,,,,,,,,,
Uganda,2000,NA,,,,,,,,,,,,,,,,,,,,,,,,
Uganda,2001,NA,,,,,,,,,,,,,,,,,,,,,,,,
Uganda,2002,NA,,,,,,,,,,,,,,,,,,,,,,,,
Uganda,2003,NA,,,,,,,,,,,,,,,,,,,,,,,,
Uganda,2004,NA,,,,,,,,,,,,,,,,,,,,,,,,
Uganda,2005,3,,,,,,,,,,,,,,,,,,,,,,,,
Uganda,2006,3,,,,,,,,,,,,,,,,,,,,,,,,
Uganda,2007,3,,,,,,,,,,,,,,,,,,,,,,,,
Uganda,2008,3,,,,,,,,,,,,,,,,,,,,,,,,
Uganda,2009,2.5,,,,,,,,,,,,,,,,,,,,,,,,
Uganda,2010,2.5,,,,,,,,,,,,,,,,,,,,,,,,
Uganda,2011,2.5,,,,,,,,,,,,,,,,,,,,,,,,
Uganda,2012,2,,,,,,,,,,,,,,,,,,,,,,,,
Uganda,2013,2,,,,,,,,,,,,,,,,,,,,,,,,
Uganda,2014,2,,,,,,,,,,,,,,,,,,,,,,,,
Uganda,2015,2,,,,,,,,,,,,,,,,,,,,,,,,
Uganda,2016,2,,,,,,,,,,,,,,,,,,,,,,,,
Uganda,2017,2,,,,,,,,,,,,,,,,,,,,,,,,
Uganda,2018,2.5,,,,,,,,,,,,,,,,,,,,,,,,
Uganda,2019,2.5,,,,,,,,,,,,,,,,,,,,,,,,
Uganda,2020,2.5,,,,,,,,,,,,,,,,,,,,,,,,
Uganda,2021,2.5,,,,,,,,,,,,,,,,,,,,,,,,
Uganda,2022,2.5,,,,,,,,,,,,,,,,,,,,,,,,
Zambia,2000,NA,,,,,,,,,,,,,,,,,,,,,,,,
Zambia,2001,NA,,,,,,,,,,,,,,,,,,,,,,,,
Zambia,2002,NA,,,,,,,,,,,,,,,,,,,,,,,,
Zambia,2003,NA,,,,,,,,,,,,,,,,,,,,,,,,
Zambia,2004,NA,,,,,,,,,,,,,,,,,,,,,,,,
Zambia,2005,3,,,,,,,,,,,,,,,,,,,,,,,,
Zambia,2006,3,,,,,,,,,,,,,,,,,,,,,,,,
Zambia,2007,3,,,,,,,,,,,,,,,,,,,,,,,,
Zambia,2008,3,,,,,,,,,,,,,,,,,,,,,,,,
Zambia,2009,3,,,,,,,,,,,,,,,,,,,,,,,,
Zambia,2010,2.5,,,,,,,,,,,,,,,,,,,,,,,,
Zambia,2011,2.5,,,,,,,,,,,,,,,,,,,,,,,,
Zambia,2012,3,,,,,,,,,,,,,,,,,,,,,,,,
Zambia,2013,3,,,,,,,,,,,,,,,,,,,,,,,,
Zambia,2014,3,,,,,,,,,,,,,,,,,,,,,,,,
Zambia,2015,3,,,,,,,,,,,,,,,,,,,,,,,,
Zambia,2016,3,,,,,,,,,,,,,,,,,,,,,,,,
Zambia,2017,3,,,,,,,,,,,,,,,,,,,,,,,,
Zambia,2018,2.5,,,,,,,,,,,,,,,,,,,,,,,,
Zambia,2019,2.5,,,,,,,,,,,,,,,,,,,,,,,,
Zambia,2020,2.5,,,,,,,,,,,,,,,,,,,,,,,,
Zambia,2021,2.5,,,,,,,,,,,,,,,,,,,,,,,,
Zambia,2022,2.5,,,,,,,,,,,,,,,,,,,,,,,,
Zimbabwe,2000,2.5,23,,,,,,,,,,,,,,,,,,,,,,,
Zimbabwe,2001,2.5,22,,,,,,,,,,,,,,,,,,,,,,,
Zimbabwe,2002,2.5,21,,,,,,,,,,,,,,,,,,,,,,,
Zimbabwe,2003,2.5,20,,,,,,,,,,,,,,,,,,,,,,,
Zimbabwe,2004,2.5,19,,,,,,,,,,,,,,,,,,,,,,,
Zimbabwe,2005,2,18,,,,,,,,,,,,,,,,,,,,,,,
Zimbabwe,2006,2,17,,,,,,,,,,,,,,,,,,,,,,,
Zimbabwe,2007,2,16,,,,,,,,,,,,,,,,,,,,,,,
Zimbabwe,2008,1.5,15,,,,,,,,,,,,,,,,,,,,,,,
Zimbabwe,2009,1.5,14,,,,,,,,,,,,,,,,,,,,,,,
Zimbabwe,2010,1.5,13,,,,,,,,,,,,,,,,,,,,,,,
Zimbabwe,2011,1.5,12,,,,,,,,,,,,,,,,,,,,,,,
Zimbabwe,2012,1.5,11,,,,,,,,,,,,,,,,,,,,,,,
Zimbabwe,2013,1.5,10,,,,,,,,,,,,,,,,,,,,,,,
Zimbabwe,2014,1,9,,,,,,,,,,,,,,,,,,,,,,,
Zimbabwe,2015,1,8,,,,,,,,,,,,,,,,,,,,,,,
Zimbabwe,2016,1,7,,,,,,,,,,,,,,,,,,,,,,,
Zimbabwe,2017,1.5,6,,,,,,,,,,,,,,,,,,,,,,,
Zimbabwe,2018,NA,5,,,,,,,,,,,,,,,,,,,,,,,
Zimbabwe,2019,NA,4,,,,,,,,,,,,,,,,,,,,,,,
Zimbabwe,2020,NA,3,,,,,,,,,,,,,,,,,,,,,,,
Zimbabwe,2021,NA,2,,,,,,,,,,,,,,,,,,,,,,,
Zimbabwe,2022,NA,1,,,,,,,,,,,,,,,,,,,,,,,
Lesotho,2000,3,,,,,,,,,,,,,,,,,,,,,,,,
Lesotho,2001,3,,,,,,,,,,,,,,,,,,,,,,,,
Lesotho,2002,3,,,,,,,,,,,,,,,,,,,,,,,,
Lesotho,2003,3,,,,,,,,,,,,,,,,,,,,,,,,
Lesotho,2004,3,,,,,,,,,,,,,,,,,,,,,,,,
Lesotho,2005,3,,,,,,,,,,,,,,,,,,,,,,,,
Lesotho,2006,3,,,,,,,,,,,,,,,,,,,,,,,,
Lesotho,2007,3,,,,,,,,,,,,,,,,,,,,,,,,
Lesotho,2008,3,,,,,,,,,,,,,,,,,,,,,,,,
Lesotho,2009,3.5,,,,,,,,,,,,,,,,,,,,,,,,
Lesotho,2010,3.5,,,,,,,,,,,,,,,,,,,,,,,,
Lesotho,2011,3.5,,,,,,,,,,,,,,,,,,,,,,,,
Lesotho,2012,3.5,,,,,,,,,,,,,,,,,,,,,,,,
Lesotho,2013,3.5,,,,,,,,,,,,,,,,,,,,,,,,
Lesotho,2014,3.5,,,,,,,,,,,,,,,,,,,,,,,,
Lesotho,2015,3.5,,,,,,,,,,,,,,,,,,,,,,,,
Lesotho,2016,3.5,,,,,,,,,,,,,,,,,,,,,,,,
Lesotho,2017,3.5,,,,,,,,,,,,,,,,,,,,,,,,
Lesotho,2018,NA,,,,,,,,,,,,,,,,,,,,,,,,
Lesotho,2019,NA,,,,,,,,,,,,,,,,,,,,,,,,
Lesotho,2020,NA,,,,,,,,,,,,,,,,,,,,,,,,
Lesotho,2021,NA,,,,,,,,,,,,,,,,,,,,,,,,
Lesotho,2022,NA,,,,,,,,,,,,,,,,,,,,,,,,
